estado;ano;focos
PARÁ;2019;30165
AMAZONAS;2019;12676
MATO GROSSO;2019;31169
MATO GROSSO DO SUL;2019;11653
PARAÍBA;2019;1184
RIO GRANDE DO NORTE;2019;730
MARANHÃO;2019;18521
PIAUÍ;2019;10894
GOIÁS;2019;7160
RONDÔNIA;2019;11230
PERNAMBUCO;2019;840
BAHIA;2019;7371
RIO GRANDE DO SUL;2019;3196
MINAS GERAIS;2019;9999
ESPÍRITO SANTO;2019;622
CEARÁ;2019;4304
SANTA CATARINA;2019;1804
TOCANTINS;2019;13625
SÃO PAULO;2019;3074
RIO DE JANEIRO;2019;712
RORAIMA;2019;4784
PARANÁ;2019;3314
ACRE;2019;6802
ALAGOAS;2019;232
DISTRITO FEDERAL;2019;213
AMAPÁ;2019;1277
SERGIPE;2019;81
PARÁ;2020;38603
MARANHÃO;2020;16817
MATO GROSSO;2020;47708
TOCANTINS;2020;12093
GOIÁS;2020;6008
MATO GROSSO DO SUL;2020;12080
MINAS GERAIS;2020;8737
PIAUÍ;2020;9317
RIO GRANDE DO SUL;2020;3612
AMAZONAS;2020;16729
RONDÔNIA;2020;11145
ACRE;2020;9193
AMAPÁ;2020;750
SÃO PAULO;2020;6123
RORAIMA;2020;1930
CEARÁ;2020;3979
PARAÍBA;2020;910
RIO GRANDE DO NORTE;2020;664
BAHIA;2020;7912
RIO DE JANEIRO;2020;693
ALAGOAS;2020;159
ESPÍRITO SANTO;2020;401
PERNAMBUCO;2020;1017
DISTRITO FEDERAL;2020;196
SANTA CATARINA;2020;2425
PARANÁ;2020;3519
SERGIPE;2020;77
PIAUÍ;2021;12745
MARANHÃO;2021;16077
RIO GRANDE DO SUL;2021;2445
TOCANTINS;2021;10007
MINAS GERAIS;2021;12110
AMAZONAS;2021;14848
RONDÔNIA;2021;10030
ACRE;2021;8828
GOIÁS;2021;6020
PARÁ;2021;22876
SÃO PAULO;2021;5469
MATO GROSSO;2021;22520
RIO DE JANEIRO;2021;502
BAHIA;2021;14359
AMAPÁ;2021;676
SANTA CATARINA;2021;2351
PARANÁ;2021;3698
MATO GROSSO DO SUL;2021;9377
ESPÍRITO SANTO;2021;549
CEARÁ;2021;4379
DISTRITO FEDERAL;2021;259
RIO GRANDE DO NORTE;2021;563
PARAÍBA;2021;907
PERNAMBUCO;2021;1192
RORAIMA;2021;989
ALAGOAS;2021;173
SERGIPE;2021;132
RORAIMA;2022;1223
PARÁ;2022;41421
RIO GRANDE DO SUL;2022;1635
BAHIA;2022;9820
MARANHÃO;2022;20224
RIO GRANDE DO NORTE;2022;411
AMAZONAS;2022;21217
PARAÍBA;2022;800
PERNAMBUCO;2022;1155
PIAUÍ;2022;10866
MATO GROSSO DO SUL;2022;2368
MATO GROSSO;2022;29039
RONDÔNIA;2022;12460
ACRE;2022;11840
MINAS GERAIS;2022;7790
SANTA CATARINA;2022;1360
PARANÁ;2022;1771
ALAGOAS;2022;140
CEARÁ;2022;4136
GOIÁS;2022;4796
SÃO PAULO;2022;1599
TOCANTINS;2022;12145
SERGIPE;2022;85
ESPÍRITO SANTO;2022;474
RIO DE JANEIRO;2022;747
AMAPÁ;2022;990
DISTRITO FEDERAL;2022;251
MATO GROSSO;2023;21723
MARANHÃO;2023;21113
TOCANTINS;2023;9641
BAHIA;2023;11917
MATO GROSSO DO SUL;2023;4529
SÃO PAULO;2023;1666
RIO GRANDE DO SUL;2023;1825
PARÁ;2023;41715
AMAZONAS;2023;19601
RORAIMA;2023;2659
CEARÁ;2023;6808
PARAÍBA;2023;951
MINAS GERAIS;2023;6498
ESPÍRITO SANTO;2023;543
PERNAMBUCO;2023;1834
PIAUÍ;2023;12957
RIO GRANDE DO NORTE;2023;579
ALAGOAS;2023;227
PARANÁ;2023;1439
AMAPÁ;2023;2552
SERGIPE;2023;151
RONDÔNIA;2023;7417
SANTA CATARINA;2023;1341
ACRE;2023;6562
GOIÁS;2023;3160
RIO DE JANEIRO;2023;404
DISTRITO FEDERAL;2023;89
BAHIA;2024;9160
CEARÁ;2024;7160
MARANHÃO;2024;22879
PARANÁ;2024;2704
SÃO PAULO;2024;8712
MATO GROSSO DO SUL;2024;13041
DISTRITO FEDERAL;2024;349
GOIÁS;2024;6362
AMAPÁ;2024;2014
TOCANTINS;2024;17251
PARÁ;2024;56070
MATO GROSSO;2024;50551
AMAZONAS;2024;25499
PERNAMBUCO;2024;2057
PIAUÍ;2024;10587
PARAÍBA;2024;1074
SERGIPE;2024;190
ESPÍRITO SANTO;2024;662
MINAS GERAIS;2024;11787
RORAIMA;2024;5358
RIO GRANDE DO SUL;2024;1572
SANTA CATARINA;2024;1801
RIO GRANDE DO NORTE;2024;624
RONDÔNIA;2024;10692
ALAGOAS;2024;285
RIO DE JANEIRO;2024;1200
ACRE;2024;8658
