ano;mes;focos
2019;7;393
2019;1;90
2019;2;35
2019;3;85
2019;4;78
2019;5;81
2019;6;290
2019;12;40
2019;8;742
2019;9;872
2019;10;308
2019;11;60
2020;6;262
2020;11;115
2020;12;15
2020;5;262
2020;8;1111
2020;4;252
2020;9;2254
2020;1;69
2020;10;995
2020;3;127
2020;2;103
2020;7;558
2021;12;41
2021;11;41
2021;10;95
2021;9;1663
2021;8;2277
2021;7;808
2021;6;136
2021;5;140
2021;4;69
2021;3;98
2021;2;72
2021;1;29
2022;4;47
2022;5;139
2022;3;64
2022;2;120
2022;6;90
2022;7;345
2022;8;315
2022;9;258
2022;10;62
2022;11;49
2022;12;34
2022;1;76
2023;1;62
2023;2;36
2023;3;109
2023;4;22
2023;5;145
2023;6;134
2023;7;253
2023;10;58
2023;9;375
2023;8;352
2023;11;54
2023;12;66
2024;1;75
2024;2;93
2024;3;138
2024;4;63
2024;5;398
2024;6;532
2024;7;499
2024;8;3612
2024;9;2522
2024;10;714
2024;11;25
2024;12;41
