codigo_ibge;nome;chave;area_km2;lat;lon
3500105;Adamantina;ADAMANTINA;411.987;-21.5767;-51.0568
3500204;Adolfo;ADOLFO;211.055;-21.2887;-49.6533
3500303;Aguaí;AGUAI;474.554;-22.05;-47.0403
3500402;Águas da Prata;AGUAS DA PRATA;142.673;-21.9137;-46.6917
3500501;Águas de Lindóia;AGUAS DE LINDOIA;60.126;-22.4748;-46.6037
3500550;Águas de Santa Bárbara;AGUAS DE SANTA BARBARA;404.463;-22.858;-49.261
3500600;Águas de São Pedro;AGUAS DE SAO PEDRO;3.612;-22.5986;-47.8761
3500709;Agudos;AGUDOS;966.708;-22.5719;-49.1088
3500758;Alambari;ALAMBARI;159.6;-23.5489;-47.8691
3500808;Alfredo Marcondes;ALFREDO MARCONDES;118.915;-21.935;-51.3957
3500907;Altair;ALTAIR;313.007;-20.5333;-49.0939
3501004;Altinópolis;ALTINOPOLIS;928.956;-21.018;-47.3862
3501103;Alto Alegre;ALTO ALEGRE;318.574;-21.6125;-50.1921
3501152;Alumínio;ALUMINIO;83.619;-23.533;-47.2812
3501202;Álvares Florence;ALVARES FLORENCE;362.411;-20.2896;-49.9203
3501301;Álvares Machado;ALVARES MACHADO;347.647;-22.1315;-51.5149
3501400;Álvaro de Carvalho;ALVARO DE CARVALHO;153.662;-22.0865;-49.734
3501509;Alvinlândia;ALVINLANDIA;84.879;-22.4526;-49.7585
3501608;Americana;AMERICANA;133.912;-22.7232;-47.2891
3501707;Américo Brasiliense;AMERICO BRASILIENSE;122.958;-21.7223;-48.0324
3501806;Américo de Campos;AMERICO DE CAMPOS;252.876;-20.2894;-49.768
3501905;Amparo;AMPARO;445.323;-22.6991;-46.7987
3502002;Analândia;ANALANDIA;325.953;-22.1211;-47.678
3502101;Andradina;ANDRADINA;964.226;-20.8356;-51.3297
3502200;Angatuba;ANGATUBA;1027.288;-23.4368;-48.4593
3502309;Anhembi;ANHEMBI;736.557;-22.8001;-48.1747
3502408;Anhumas;ANHUMAS;320.84;-22.362;-51.4278
3502507;Aparecida;APARECIDA;120.89;-22.9142;-45.2372
3502606;Aparecida d'Oeste;APARECIDA DOESTE;179.004;-20.4788;-50.922
3502705;Apiaí;APIAI;974.322;-24.4215;-48.8174
3502754;Araçariguama;ARACARIGUAMA;145.204;-23.4344;-47.0724
3502804;Araçatuba;ARACATUBA;1167.126;-21.1139;-50.5745
3502903;Araçoiaba da Serra;ARACOIABA DA SERRA;255.305;-23.5439;-47.6515
3503000;Aramina;ARAMINA;202.829;-20.145;-47.8206
3503109;Arandu;ARANDU;285.908;-23.1777;-49.064
3503158;Arapeí;ARAPEI;156.903;-22.6729;-44.4386
3503208;Araraquara;ARARAQUARA;1003.625;-21.7916;-48.1813
3503307;Araras;ARARAS;644.831;-22.3462;-47.3239
3503356;Arco-Íris;ARCO IRIS;264.904;-21.7663;-50.4309
3503406;Arealva;AREALVA;506.226;-22.0763;-48.9819
3503505;Areias;AREIAS;305.227;-22.6731;-44.7124
3503604;Areiópolis;AREIOPOLIS;85.907;-22.6318;-48.6528
3503703;Ariranha;ARIRANHA;132.624;-21.1857;-48.7792
3503802;Artur Nogueira;ARTUR NOGUEIRA;178.026;-22.5612;-47.1322
3503901;Arujá;ARUJA;96.167;-23.386;-46.3191
3503950;Aspásia;ASPASIA;69.373;-20.1836;-50.728
3504008;Assis;ASSIS;460.609;-22.6017;-50.4208
3504107;Atibaia;ATIBAIA;478.521;-23.1233;-46.5868
3504206;Auriflama;AURIFLAMA;434.498;-20.6441;-50.58
3504305;Avaí;AVAI;540.689;-22.1872;-49.3162
3504404;Avanhandava;AVANHANDAVA;338.37;-21.4605;-49.9474
3504503;Avaré;AVARE;1213.055;-23.0752;-48.894
3504602;Bady Bassitt;BADY BASSITT;110.372;-20.9315;-49.4376
3504701;Balbinos;BALBINOS;91.635;-21.8924;-49.3331
3504800;Bálsamo;BALSAMO;149.881;-20.7096;-49.5518
3504909;Bananal;BANANAL;616.429;-22.7338;-44.3345
3505005;Barão de Antonina;BARAO DE ANTONINA;153.142;-23.5829;-49.572
3505104;Barbosa;BARBOSA;205.212;-21.2907;-49.9222
3505203;Bariri;BARIRI;444.405;-22.0668;-48.7188
3505302;Barra Bonita;BARRA BONITA;150.121;-22.4795;-48.5417
3505351;Barra do Chapéu;BARRA DO CHAPEU;405.681;-24.4438;-49.0853
3505401;Barra do Turvo;BARRA DO TURVO;1007.684;-24.8887;-48.427
3505500;Barretos;BARRETOS;1566.161;-20.5142;-48.6519
3505609;Barrinha;BARRINHA;146.025;-21.2325;-48.0951
3505708;Barueri;BARUERI;65.701;-23.5053;-46.8772
3505807;Bastos;BASTOS;170.912;-21.9502;-50.744
3505906;Batatais;BATATAIS;849.526;-20.8678;-47.5748
3506003;Bauru;BAURU;667.684;-22.254;-49.1261
3506102;Bebedouro;BEBEDOURO;683.192;-20.9405;-48.5107
3506201;Bento de Abreu;BENTO DE ABREU;301.687;-21.3318;-50.862
3506300;Bernardino de Campos;BERNARDINO DE CAMPOS;244.158;-23.0308;-49.4919
3506359;Bertioga;BERTIOGA;491.546;-23.7598;-46.03
3506409;Bilac;BILAC;158.025;-21.4278;-50.4793
3506508;Birigui;BIRIGUI;530.031;-21.2616;-50.351
3506607;Biritiba Mirim;BIRITIBA MIRIM;317.406;-23.6242;-46.0213
3506706;Boa Esperança do Sul;BOA ESPERANCA DO SUL;690.748;-21.935;-48.4636
3506805;Bocaina;BOCAINA;363.926;-22.1054;-48.5291
3506904;Bofete;BOFETE;653.541;-23.129;-48.2859
3507001;Boituva;BOITUVA;248.954;-23.2876;-47.675
3507100;Bom Jesus dos Perdões;BOM JESUS DOS PERDOES;108.366;-23.1725;-46.479
3507159;Bom Sucesso de Itararé;BOM SUCESSO DE ITARARE;133.578;-24.3159;-49.1646
3507209;Borá;BORA;118.951;-22.2442;-50.5021
3507308;Boracéia;BORACEIA;122.11;-22.1701;-48.7883
3507407;Borborema;BORBOREMA;552.256;-21.6108;-49.072
3507456;Borebi;BOREBI;347.989;-22.6807;-48.9923
3507506;Botucatu;BOTUCATU;1482.642;-22.8634;-48.4683
3507605;Bragança Paulista;BRAGANCA PAULISTA;512.584;-22.9384;-46.5559
3507704;Braúna;BRAUNA;195.176;-21.5531;-50.3394
3507753;Brejo Alegre;BREJO ALEGRE;105.689;-21.1766;-50.2098
3507803;Brodowski;BRODOWSKI;278.458;-21.0495;-47.6278
3507902;Brotas;BROTAS;1101.373;-22.2733;-48.0812
3508009;Buri;BURI;1196.463;-23.752;-48.5753
3508108;Buritama;BURITAMA;326.921;-21.0491;-50.2002
3508207;Buritizal;BURITIZAL;266.42;-20.2093;-47.6929
3508306;Cabrália Paulista;CABRALIA PAULISTA;239.974;-22.4895;-49.373
3508405;Cabreúva;CABREUVA;260.234;-23.3013;-47.0802
3508504;Caçapava;CACAPAVA;368.99;-23.1037;-45.7133
3508603;Cachoeira Paulista;CACHOEIRA PAULISTA;287.99;-22.7024;-44.9917
3508702;Caconde;CACONDE;468.214;-21.5395;-46.617
3508801;Cafelândia;CAFELANDIA;920.28;-21.7311;-49.5487
3508900;Caiabu;CAIABU;253.352;-21.9498;-51.2239
3509007;Caieiras;CAIEIRAS;97.642;-23.3759;-46.7452
3509106;Caiuá;CAIUA;551.159;-21.8015;-51.9866
3509205;Cajamar;CAJAMAR;131.386;-23.3514;-46.872
3509254;Cajati;CAJATI;454.436;-24.772;-48.195
3509304;Cajobi;CAJOBI;176.929;-20.8737;-48.8388
3509403;Cajuru;CAJURU;660.088;-21.276;-47.3103
3509452;Campina do Monte Alegre;CAMPINA DO MONTE ALEGRE;184.479;-23.6068;-48.442
3509502;Campinas;CAMPINAS;794.571;-22.8838;-47.0438
3509601;Campo Limpo Paulista;CAMPO LIMPO PAULISTA;79.403;-23.2179;-46.7601
3509700;Campos do Jordão;CAMPOS DO JORDAO;289.981;-22.7016;-45.5331
3509809;Campos Novos Paulista;CAMPOS NOVOS PAULISTA;484.199;-22.6109;-50.0103
3509908;Cananéia;CANANEIA;1237.354;-25.0183;-48.0087
3509957;Canas;CANAS;53.261;-22.7301;-45.0414
3510005;Cândido Mota;CANDIDO MOTA;595.811;-22.8087;-50.4217
3510104;Cândido Rodrigues;CANDIDO RODRIGUES;70.892;-21.3428;-48.6286
3510153;Canitar;CANITAR;57.459;-23.0187;-49.7919
3510203;Capão Bonito;CAPAO BONITO;1640.229;-24.0392;-48.2898
3510302;Capela do Alto;CAPELA DO ALTO;169.89;-23.4674;-47.731
3510401;Capivari;CAPIVARI;322.878;-22.9807;-47.478
3510500;Caraguatatuba;CARAGUATATUBA;484.947;-23.6398;-45.4886
3510609;Carapicuíba;CARAPICUIBA;34.546;-23.55;-46.8419
3510708;Cardoso;CARDOSO;639.248;-20.0672;-49.9476
3510807;Casa Branca;CASA BRANCA;864.225;-21.8005;-47.0881
3510906;Cássia dos Coqueiros;CASSIA DOS COQUEIROS;191.683;-21.2633;-47.1441
3511003;Castilho;CASTILHO;1065.318;-20.8976;-51.5703
3511102;Catanduva;CATANDUVA;290.596;-21.1338;-48.9637
3511201;Catiguá;CATIGUA;148.393;-21.0628;-49.0528
3511300;Cedral;CEDRAL;197.838;-20.9139;-49.2639
3511409;Cerqueira César;CERQUEIRA CESAR;511.621;-23.0593;-49.1438
3511508;Cerquilho;CERQUILHO;127.803;-23.1871;-47.7571
3511607;Cesário Lange;CESARIO LANGE;190.392;-23.2165;-47.9039
3511706;Charqueada;CHARQUEADA;175.846;-22.5302;-47.7462
3511904;Clementina;CLEMENTINA;168.59;-21.5703;-50.4601
3512001;Colina;COLINA;422.303;-20.7462;-48.5889
3512100;Colômbia;COLOMBIA;728.648;-20.2669;-48.7217
3512209;Conchal;CONCHAL;182.793;-22.3693;-47.1411
3512308;Conchas;CONCHAS;466.12;-22.9656;-48.0471
3512407;Cordeirópolis;CORDEIROPOLIS;137.579;-22.4796;-47.4147
3512506;Coroados;COROADOS;246.825;-21.3756;-50.3034
3512605;Coronel Macedo;CORONEL MACEDO;303.83;-23.6301;-49.3069
3512704;Corumbataí;CORUMBATAI;278.622;-22.2364;-47.6111
3512803;Cosmópolis;COSMOPOLIS;154.665;-22.6516;-47.1864
3512902;Cosmorama;COSMORAMA;441.68;-20.4425;-49.7746
3513009;Cotia;COTIA;323.994;-23.6752;-46.9605
3513108;Cravinhos;CRAVINHOS;311.423;-21.3397;-47.7446
3513207;Cristais Paulista;CRISTAIS PAULISTA;385.23;-20.3713;-47.4009
3513306;Cruzália;CRUZALIA;149.33;-22.738;-50.7691
3513405;Cruzeiro;CRUZEIRO;305.699;-22.5514;-45.0063
3513504;Cubatão;CUBATAO;142.879;-23.8659;-46.4082
3513603;Cunha;CUNHA;1407.25;-23.0529;-44.9421
3513702;Descalvado;DESCALVADO;753.706;-21.8812;-47.6546
3513801;Diadema;DIADEMA;30.732;-23.6972;-46.6114
3513850;Dirce Reis;DIRCE REIS;88.133;-20.4485;-50.6281
3513900;Divinolândia;DIVINOLANDIA;223.749;-21.6617;-46.6974
3514007;Dobrada;DOBRADA;149.729;-21.5161;-48.3573
3514106;Dois Córregos;DOIS CORREGOS;632.972;-22.3959;-48.3405
3514205;Dolcinópolis;DOLCINOPOLIS;77.939;-20.1172;-50.5283
3514304;Dourado;DOURADO;205.874;-22.1173;-48.3335
3514403;Dracena;DRACENA;487.688;-21.5567;-51.584
3514502;Duartina;DUARTINA;264.557;-22.3933;-49.4134
3514601;Dumont;DUMONT;111.376;-21.2471;-47.9798
3514700;Echaporã;ECHAPORA;515.258;-22.4482;-50.2006
3514809;Eldorado;ELDORADO;1654.256;-24.495;-48.2336
3514908;Elias Fausto;ELIAS FAUSTO;202.36;-23.0706;-47.3707
3514924;Elisiário;ELISIARIO;93.98;-21.1613;-49.0921
3514957;Embaúba;EMBAUBA;83.129;-20.9529;-48.8475
3515004;Embu das Artes;EMBU DAS ARTES;70.398;-23.6513;-46.8515
3515103;Embu-Guaçu;EMBU GUACU;155.641;-23.8543;-46.8307
3515129;Emilianópolis;EMILIANOPOLIS;225.167;-21.801;-51.4722
3515152;Engenheiro Coelho;ENGENHEIRO COELHO;109.941;-22.4871;-47.1748
3515186;Espírito Santo do Pinhal;ESPIRITO SANTO DO PINHAL;389.235;-22.1925;-46.7933
3515194;Espírito Santo do Turvo;ESPIRITO SANTO DO TURVO;193.666;-22.6709;-49.4329
3515202;Estrela d'Oeste;ESTRELA DOESTE;296.281;-20.2657;-50.4115
3515301;Estrela do Norte;ESTRELA DO NORTE;264.987;-22.4856;-51.6691
3515350;Euclides da Cunha Paulista;EUCLIDES DA CUNHA PAULISTA;573.894;-22.519;-52.5886
3515400;Fartura;FARTURA;429.171;-23.3902;-49.5197
3515509;Fernandópolis;FERNANDOPOLIS;549.797;-20.2718;-50.283
3515608;Fernando Prestes;FERNANDO PRESTES;169.99;-21.3103;-48.6957
3515657;Fernão;FERNAO;100.504;-22.3658;-49.5424
3515707;Ferraz de Vasconcelos;FERRAZ DE VASCONCELOS;29.547;-23.561;-46.3739
3515806;Flora Rica;FLORA RICA;224.711;-21.6984;-51.3743
3515905;Floreal;FLOREAL;204.236;-20.6696;-50.1548
3516002;Flórida Paulista;FLORIDA PAULISTA;524.138;-21.54;-51.1707
3516101;Florínea;FLORINEA;225.886;-22.8812;-50.6953
3516200;Franca;FRANCA;605.679;-20.5552;-47.3811
3516309;Francisco Morato;FRANCISCO MORATO;49.001;-23.2737;-46.7235
3516408;Franco da Rocha;FRANCO DA ROCHA;132.775;-23.3142;-46.7358
3516507;Gabriel Monteiro;GABRIEL MONTEIRO;138.681;-21.4996;-50.5647
3516606;Gália;GALIA;355.914;-22.3205;-49.5778
3516705;Garça;GARCA;555.807;-22.231;-49.6896
3516804;Gastão Vidigal;GASTAO VIDIGAL;180.569;-20.8043;-50.2028
3516853;Gavião Peixoto;GAVIAO PEIXOTO;243.766;-21.7916;-48.4479
3516903;General Salgado;GENERAL SALGADO;494.376;-20.6383;-50.4158
3517000;Getulina;GETULINA;676.755;-21.7833;-50.0279
3517109;Glicério;GLICERIO;272.8;-21.3403;-50.1989
3517208;Guaiçara;GUAICARA;277.154;-21.5695;-49.7628
3517307;Guaimbê;GUAIMBE;217.811;-21.8785;-49.8606
3517406;Guaíra;GUAIRA;1258.465;-20.314;-48.3641
3517505;Guapiaçu;GUAPIACU;325.126;-20.7429;-49.1899
3517604;Guapiara;GUAPIARA;408.292;-24.2125;-48.5558
3517703;Guará;GUARA;362.183;-20.4826;-47.7752
3517802;Guaraçaí;GUARACAI;569.197;-21.0864;-51.2795
3517901;Guaraci;GUARACI;641.501;-20.3748;-49.0027
3518008;Guarani d'Oeste;GUARANI DOESTE;85.7;-20.0668;-50.3446
3518107;Guarantã;GUARANTA;461.746;-21.9161;-49.5884
3518206;Guararapes;GUARARAPES;955.637;-21.2852;-50.6951
3518305;Guararema;GUARAREMA;270.816;-23.4276;-46.0586
3518404;Guaratinguetá;GUARATINGUETA;752.636;-22.7935;-45.2328
3518503;Guareí;GUAREI;567.884;-23.3705;-48.2191
3518602;Guariba;GUARIBA;270.289;-21.3959;-48.2266
3518701;Guarujá;GUARUJA;144.794;-23.951;-46.2353
3518800;Guarulhos;GUARULHOS;318.675;-23.4027;-46.4549
3518859;Guatapará;GUATAPARA;413.567;-21.4533;-47.9799
3518909;Guzolândia;GUZOLANDIA;252.477;-20.6285;-50.7136
3519006;Herculândia;HERCULANDIA;364.252;-21.9623;-50.3731
3519055;Holambra;HOLAMBRA;65.577;-22.6303;-47.065
3519071;Hortolândia;HORTOLANDIA;62.416;-22.8784;-47.2077
3519105;Iacanga;IACANGA;547.393;-21.8909;-49.0396
3519204;Iacri;IACRI;321.948;-21.7999;-50.6195
3519253;Iaras;IARAS;401.381;-22.8191;-49.1068
3519303;Ibaté;IBATE;290.978;-21.9509;-48.0273
3519402;Ibirá;IBIRA;271.912;-21.0747;-49.2203
3519501;Ibirarema;IBIRAREMA;228.23;-22.8133;-50.0769
3519600;Ibitinga;IBITINGA;689.391;-21.7929;-48.8478
3519709;Ibiúna;IBIUNA;1058.082;-23.8024;-47.2152
3519808;Icém;ICEM;362.355;-20.3672;-49.1853
3519907;Iepê;IEPE;594.974;-22.6486;-51.0572
3520004;Igaraçu do Tietê;IGARACU DO TIETE;97.747;-22.5417;-48.5746
3520103;Igarapava;IGARAPAVA;468.355;-20.0637;-47.6825
3520202;Igaratá;IGARATA;292.953;-23.1348;-46.1504
3520301;Iguape;IGUAPE;1978.795;-24.5495;-47.4744
3520400;Ilhabela;ILHABELA;346.389;-23.8501;-45.3292
3520426;Ilha Comprida;ILHA COMPRIDA;196.567;-24.859;-47.7154
3520442;Ilha Solteira;ILHA SOLTEIRA;652.641;-20.4314;-51.259
3520509;Indaiatuba;INDAIATUBA;311.545;-23.1061;-47.2025
3520608;Indiana;INDIANA;129.367;-22.1332;-51.2626
3520707;Indiaporã;INDIAPORA;279.606;-19.9479;-50.2637
3520806;Inúbia Paulista;INUBIA PAULISTA;87.119;-21.739;-50.9574
3520905;Ipaussu;IPAUSSU;209.554;-23.0651;-49.6081
3521002;Iperó;IPERO;170.289;-23.4045;-47.6291
3521101;Ipeúna;IPEUNA;190.01;-22.4239;-47.716
3521150;Ipiguá;IPIGUA;136.028;-20.648;-49.4035
3521200;Iporanga;IPORANGA;1152.059;-24.5127;-48.5463
3521309;Ipuã;IPUA;466.461;-20.4175;-48.0665
3521408;Iracemápolis;IRACEMAPOLIS;115.118;-22.5937;-47.5242
3521507;Irapuã;IRAPUA;257.612;-21.2677;-49.3974
3521606;Irapuru;IRAPURU;214.461;-21.4842;-51.3465
3521705;Itaberá;ITABERA;1100.247;-23.8713;-49.1425
3521804;Itaí;ITAI;1092.884;-23.4715;-49.0542
3521903;Itajobi;ITAJOBI;502.066;-21.3555;-49.0537
3522000;Itaju;ITAJU;230.355;-21.9516;-48.794
3522109;Itanhaém;ITANHAEM;601.711;-24.0919;-46.8347
3522158;Itaoca;ITAOCA;183.015;-24.6179;-48.839
3522208;Itapecerica da Serra;ITAPECERICA DA SERRA;150.742;-23.7372;-46.8588
3522307;Itapetininga;ITAPETININGA;1789.35;-23.6455;-48.1233
3522406;Itapeva;ITAPEVA;1826.258;-23.9141;-48.8717
3522505;Itapevi;ITAPEVI;82.658;-23.5509;-46.9677
3522604;Itapira;ITAPIRA;518.416;-22.432;-46.7721
3522653;Itapirapuã Paulista;ITAPIRAPUA PAULISTA;406.478;-24.569;-49.2229
3522703;Itápolis;ITAPOLIS;996.747;-21.5481;-48.8155
3522802;Itaporanga;ITAPORANGA;507.997;-23.6729;-49.4585
3522901;Itapuí;ITAPUI;140.023;-22.2508;-48.7014
3523008;Itapura;ITAPURA;301.653;-20.5951;-51.4406
3523107;Itaquaquecetuba;ITAQUAQUECETUBA;82.622;-23.4615;-46.3339
3523206;Itararé;ITARARE;1003.86;-24.0805;-49.3035
3523305;Itariri;ITARIRI;273.667;-24.2927;-47.1281
3523404;Itatiba;ITATIBA;322.269;-23.0067;-46.8143
3523503;Itatinga;ITATINGA;979.817;-23.1537;-48.6294
3523602;Itirapina;ITIRAPINA;564.603;-22.2946;-47.8341
3523701;Itirapuã;ITIRAPUA;161.118;-20.6576;-47.1694
3523800;Itobi;ITOBI;138.986;-21.749;-46.922
3523909;Itu;ITU;640.719;-23.3071;-47.2846
3524006;Itupeva;ITUPEVA;200.876;-23.1465;-47.0684
3524105;Ituverava;ITUVERAVA;704.659;-20.3295;-47.8096
3524204;Jaborandi;JABORANDI;273.438;-20.65;-48.416
3524303;Jaboticabal;JABOTICABAL;706.602;-21.2183;-48.2879
3524402;Jacareí;JACAREI;464.272;-23.2989;-45.9905
3524501;Jaci;JACI;145.133;-20.945;-49.5812
3524600;Jacupiranga;JACUPIRANGA;704.189;-24.7774;-48.0539
3524709;Jaguariúna;JAGUARIUNA;141.391;-22.692;-47.0128
3524808;Jales;JALES;368.574;-20.2858;-50.5541
3524907;Jambeiro;JAMBEIRO;184.413;-23.2793;-45.7106
3525003;Jandira;JANDIRA;17.449;-23.5441;-46.8997
3525102;Jardinópolis;JARDINOPOLIS;501.87;-20.9921;-47.826
3525201;Jarinu;JARINU;207.549;-23.112;-46.7213
3525300;Jaú;JAU;687.103;-22.2961;-48.556
3525409;Jeriquara;JERIQUARA;141.971;-20.3401;-47.5742
3525508;Joanópolis;JOANOPOLIS;374.293;-22.9388;-46.2092
3525607;João Ramalho;JOAO RAMALHO;415.452;-22.2779;-50.7991
3525706;José Bonifácio;JOSE BONIFACIO;860.2;-21.0894;-49.7793
3525805;Júlio Mesquita;JULIO MESQUITA;128.183;-21.9729;-49.7934
3525854;Jumirim;JUMIRIM;56.685;-23.0996;-47.7881
3525904;Jundiaí;JUNDIAI;431.204;-23.1946;-46.913
3526001;Junqueirópolis;JUNQUEIROPOLIS;582.565;-21.4489;-51.4351
3526100;Juquiá;JUQUIA;812.799;-24.2137;-47.6523
3526209;Juquitiba;JUQUITIBA;522.169;-23.9552;-47.0246
3526308;Lagoinha;LAGOINHA;255.472;-23.0858;-45.2068
3526407;Laranjal Paulista;LARANJAL PAULISTA;384.274;-23.0122;-47.8657
3526506;Lavínia;LAVINIA;537.675;-21.1508;-51.0326
3526605;Lavrinhas;LAVRINHAS;167.067;-22.5203;-44.8889
3526704;Leme;LEME;402.871;-22.1722;-47.3376
3526803;Lençóis Paulista;LENCOIS PAULISTA;809.541;-22.6761;-48.825
3526902;Limeira;LIMEIRA;580.711;-22.5985;-47.3637
3527009;Lindóia;LINDOIA;48.756;-22.5134;-46.655
3527108;Lins;LINS;570.058;-21.6498;-49.6829
3527207;Lorena;LORENA;414.16;-22.794;-45.06
3527256;Lourdes;LOURDES;113.94;-20.9491;-50.234
3527306;Louveira;LOUVEIRA;55.738;-23.084;-46.9376
3527405;Lucélia;LUCELIA;314.81;-21.6441;-50.9917
3527504;Lucianópolis;LUCIANOPOLIS;189.536;-22.4734;-49.5503
3527603;Luís Antônio;LUIS ANTONIO;598.257;-21.5527;-47.7819
3527702;Luiziânia;LUIZIANIA;166.576;-21.6726;-50.3508
3527801;Lupércio;LUPERCIO;155.171;-22.4272;-49.817
3527900;Lutécia;LUTECIA;475.226;-22.3253;-50.3855
3528007;Macatuba;MACATUBA;224.514;-22.4871;-48.7194
3528106;Macaubal;MACAUBAL;248.087;-20.8379;-49.975
3528205;Macedônia;MACEDONIA;327.567;-20.0981;-50.1815
3528304;Magda;MAGDA;312.282;-20.5965;-50.23
3528403;Mairinque;MAIRINQUE;210.149;-23.508;-47.2293
3528502;Mairiporã;MAIRIPORA;320.697;-23.3173;-46.5613
3528601;Manduri;MANDURI;229.046;-23.047;-49.3036
3528700;Marabá Paulista;MARABA PAULISTA;919.519;-22.1277;-52.0566
3528809;Maracaí;MARACAI;533.498;-22.6523;-50.7454
3528858;Marapoama;MARAPOAMA;111.267;-21.2555;-49.1378
3528908;Mariápolis;MARIAPOLIS;186.544;-21.7792;-51.1718
3529005;Marília;MARILIA;1170.515;-22.1778;-49.9831
3529104;Marinópolis;MARINOPOLIS;77.827;-20.4799;-50.8323
3529203;Martinópolis;MARTINOPOLIS;1253.564;-22.1723;-51.1234
3529302;Matão;MATAO;524.899;-21.6101;-48.4301
3529401;Mauá;MAUA;61.937;-23.6662;-46.4464
3529500;Mendonça;MENDONCA;195.151;-21.194;-49.5702
3529609;Meridiano;MERIDIANO;228.199;-20.3982;-50.1867
3529658;Mesópolis;MESOPOLIS;148.636;-19.9575;-50.6154
3529708;Miguelópolis;MIGUELOPOLIS;820.849;-20.1847;-48.1055
3529807;Mineiros do Tietê;MINEIROS DO TIETE;213.242;-22.4633;-48.4332
3529906;Miracatu;MIRACATU;1001.484;-24.1951;-47.3947
3530003;Mira Estrela;MIRA ESTRELA;216.825;-19.9518;-50.1243
3530102;Mirandópolis;MIRANDOPOLIS;917.694;-21.0811;-51.1305
3530201;Mirante do Paranapanema;MIRANTE DO PARANAPANEMA;1238.931;-22.3492;-51.998
3530300;Mirassol;MIRASSOL;243.228;-20.8277;-49.5043
3530409;Mirassolândia;MIRASSOLANDIA;166.125;-20.595;-49.487
3530508;Mococa;MOCOCA;855.156;-21.4495;-47.033
3530607;Mogi das Cruzes;MOGI DAS CRUZES;712.541;-23.5696;-46.1861
3530706;Mogi Guaçu;MOGI GUACU;812.753;-22.2321;-47.029
3530805;Mogi Mirim;MOGI MIRIM;497.708;-22.4513;-46.9884
3530904;Mombuca;MOMBUCA;133.698;-22.9427;-47.602
3531001;Monções;MONCOES;104.352;-20.8631;-50.0795
3531100;Mongaguá;MONGAGUA;142.755;-24.0702;-46.6681
3531209;Monte Alegre do Sul;MONTE ALEGRE DO SUL;110.308;-22.7043;-46.6677
3531308;Monte Alto;MONTE ALTO;346.95;-21.2593;-48.533
3531407;Monte Aprazível;MONTE APRAZIVEL;495.559;-20.7375;-49.7658
3531506;Monte Azul Paulista;MONTE AZUL PAULISTA;263.462;-20.9089;-48.6813
3531605;Monte Castelo;MONTE CASTELO;233.547;-21.2549;-51.5714
3531704;Monteiro Lobato;MONTEIRO LOBATO;332.742;-22.9366;-45.8043
3531803;Monte Mor;MONTE MOR;240.566;-22.9532;-47.3073
3531902;Morro Agudo;MORRO AGUDO;1388.127;-20.6887;-48.1533
3532009;Morungaba;MORUNGABA;146.752;-22.8939;-46.7825
3532058;Motuca;MOTUCA;228.7;-21.5138;-48.1703
3532108;Murutinga do Sul;MURUTINGA DO SUL;250.873;-20.9968;-51.3014
3532157;Nantes;NANTES;286.647;-22.5969;-51.2009
3532207;Narandiba;NARANDIBA;357.325;-22.5637;-51.5217
3532306;Natividade da Serra;NATIVIDADE DA SERRA;833.372;-23.4151;-45.3814
3532405;Nazaré Paulista;NAZARE PAULISTA;326.254;-23.1914;-46.3665
3532504;Neves Paulista;NEVES PAULISTA;219.05;-20.8705;-49.6465
3532603;Nhandeara;NHANDEARA;436.159;-20.6731;-50.0468
3532702;Nipoã;NIPOA;137.609;-20.8916;-49.7782
3532801;Nova Aliança;NOVA ALIANCA;217.515;-21.0626;-49.516
3532827;Nova Campina;NOVA CAMPINA;385.375;-24.1906;-48.9729
3532843;Nova Canaã Paulista;NOVA CANAA PAULISTA;124.473;-20.3721;-50.9106
3532868;Nova Castilho;NOVA CASTILHO;183.396;-20.7778;-50.3458
3532900;Nova Europa;NOVA EUROPA;160.25;-21.7743;-48.5497
3533007;Nova Granada;NOVA GRANADA;531.796;-20.476;-49.3311
3533106;Nova Guataporanga;NOVA GUATAPORANGA;34.158;-21.3224;-51.6454
3533205;Nova Independência;NOVA INDEPENDENCIA;265.029;-21.1353;-51.5052
3533254;Novais;NOVAIS;117.772;-20.9886;-48.918
3533304;Nova Luzitânia;NOVA LUZITANIA;73.816;-20.8687;-50.2494
3533403;Nova Odessa;NOVA ODESSA;73.788;-22.7841;-47.2852
3533502;Novo Horizonte;NOVO HORIZONTE;931.743;-21.4692;-49.2838
3533601;Nuporanga;NUPORANGA;348.265;-20.7049;-47.7291
3533700;Ocauçu;OCAUCU;301.036;-22.4381;-49.9379
3533809;Óleo;OLEO;198.938;-22.9537;-49.383
3533908;Olímpia;OLIMPIA;802.555;-20.7052;-48.9596
3534005;Onda Verde;ONDA VERDE;242.946;-20.6174;-49.2436
3534104;Oriente;ORIENTE;218.668;-22.1419;-50.0937
3534203;Orindiúva;ORINDIUVA;247.378;-20.2016;-49.3555
3534302;Orlândia;ORLANDIA;291.765;-20.6979;-47.9058
3534401;Osasco;OSASCO;64.954;-23.5287;-46.7893
3534500;Oscar Bressane;OSCAR BRESSANE;222.13;-22.2954;-50.2574
3534609;Osvaldo Cruz;OSVALDO CRUZ;248.038;-21.7327;-50.8739
3534708;Ourinhos;OURINHOS;295.818;-22.9527;-49.8524
3534757;Ouroeste;OUROESTE;288.648;-19.9225;-50.402
3534807;Ouro Verde;OURO VERDE;266.778;-21.5104;-51.7378
3534906;Pacaembu;PACAEMBU;339.375;-21.4956;-51.2742
3535002;Palestina;PALESTINA;697.701;-20.3212;-49.4976
3535101;Palmares Paulista;PALMARES PAULISTA;82.125;-21.1047;-48.8267
3535200;Palmeira d'Oeste;PALMEIRA DOESTE;318.74;-20.439;-50.7488
3535309;Palmital;PALMITAL;548.407;-22.8288;-50.2209
3535408;Panorama;PANORAMA;356.05;-21.4633;-51.8581
3535507;Paraguaçu Paulista;PARAGUACU PAULISTA;1001.492;-22.4591;-50.6266
3535606;Paraibuna;PARAIBUNA;809.576;-23.4784;-45.6418
3535705;Paraíso;PARAISO;155.186;-21.0196;-48.7647
3535804;Paranapanema;PARANAPANEMA;1018.724;-23.4385;-48.7952
3535903;Paranapuã;PARANAPUA;140.354;-20.0638;-50.594
3536000;Parapuã;PARAPUA;366.664;-21.8529;-50.8217
3536109;Pardinho;PARDINHO;209.894;-23.1022;-48.4018
3536208;Pariquera-Açu;PARIQUERA ACU;359.414;-24.6783;-47.8501
3536257;Parisi;PARISI;84.737;-20.2716;-50.0374
3536307;Patrocínio Paulista;PATROCINIO PAULISTA;602.848;-20.7042;-47.2894
3536406;Paulicéia;PAULICEIA;374.091;-21.1983;-51.7907
3536505;Paulínia;PAULINIA;138.777;-22.7484;-47.1451
3536570;Paulistânia;PAULISTANIA;256.178;-22.5684;-49.3056
3536604;Paulo de Faria;PAULO DE FARIA;737.986;-20.0666;-49.4634
3536703;Pederneiras;PEDERNEIRAS;727.482;-22.3014;-48.8611
3536802;Pedra Bela;PEDRA BELA;158.587;-22.7758;-46.4418
3536901;Pedranópolis;PEDRANOPOLIS;260.101;-20.2101;-50.107
3537008;Pedregulho;PEDREGULHO;712.604;-20.2056;-47.4391
3537107;Pedreira;PEDREIRA;108.817;-22.7547;-46.8886
3537156;Pedrinhas Paulista;PEDRINHAS PAULISTA;152.309;-22.8169;-50.8024
3537206;Pedro de Toledo;PEDRO DE TOLEDO;670.44;-24.1637;-47.1635
3537305;Penápolis;PENAPOLIS;711.315;-21.4054;-50.0957
3537404;Pereira Barreto;PEREIRA BARRETO;974.247;-20.6777;-51.1065
3537503;Pereiras;PEREIRAS;223.136;-23.1205;-47.9788
3537602;Peruíbe;PERUIBE;326.216;-24.2793;-47.013
3537701;Piacatu;PIACATU;232.488;-21.5713;-50.6436
3537800;Piedade;PIEDADE;746.868;-23.787;-47.4381
3537909;Pilar do Sul;PILAR DO SUL;681.248;-23.8564;-47.7281
3538006;Pindamonhangaba;PINDAMONHANGABA;731.355;-22.88;-45.4593
3538105;Pindorama;PINDORAMA;184.825;-21.2098;-48.9116
3538204;Pinhalzinho;PINHALZINHO;154.529;-22.7787;-46.5734
3538303;Piquerobi;PIQUEROBI;482.769;-21.8527;-51.7316
3538501;Piquete;PIQUETE;175.996;-22.5903;-45.1738
3538600;Piracaia;PIRACAIA;385.568;-23.0469;-46.3023
3538709;Piracicaba;PIRACICABA;1378.069;-22.7265;-47.784
3538808;Piraju;PIRAJU;504.591;-23.1869;-49.3661
3538907;Pirajuí;PIRAJUI;823.758;-21.9576;-49.4136
3539004;Pirangi;PIRANGI;215.809;-21.0939;-48.6694
3539103;Pirapora do Bom Jesus;PIRAPORA DO BOM JESUS;108.489;-23.3784;-46.9849
3539202;Pirapozinho;PIRAPOZINHO;477.673;-22.4792;-51.6198
3539301;Pirassununga;PIRASSUNUNGA;727.118;-21.9959;-47.3899
3539400;Piratininga;PIRATININGA;402.409;-22.425;-49.1918
3539509;Pitangueiras;PITANGUEIRAS;430.638;-21.0062;-48.2494
3539608;Planalto;PLANALTO;289.825;-21.0012;-49.936
3539707;Platina;PLATINA;327.48;-22.6252;-50.2127
3539806;Poá;POA;17.264;-23.5305;-46.3468
3539905;Poloni;POLONI;135.12;-20.7525;-49.82
3540002;Pompéia;POMPEIA;784.674;-22.0292;-50.1877
3540101;Pongaí;PONGAI;183.399;-21.7302;-49.3589
3540200;Pontal;PONTAL;356.371;-20.9846;-48.0644
3540259;Pontalinda;PONTALINDA;209.525;-20.4507;-50.5251
3540309;Pontes Gestal;PONTES GESTAL;217.505;-20.1748;-49.7574
3540408;Populina;POPULINA;315.938;-19.9073;-50.5173
3540507;Porangaba;PORANGABA;265.689;-23.1739;-48.1174
3540606;Porto Feliz;PORTO FELIZ;556.706;-23.2303;-47.5169
3540705;Porto Ferreira;PORTO FERREIRA;244.906;-21.8426;-47.4472
3540754;Potim;POTIM;44.643;-22.8253;-45.3032
3540804;Potirendaba;POTIRENDABA;342.492;-21.0755;-49.3917
3540853;Pracinha;PRACINHA;63.054;-21.8375;-51.0752
3540903;Pradópolis;PRADOPOLIS;167.378;-21.3444;-48.0861
3541000;Praia Grande;PRAIA GRANDE;149.652;-24.0156;-46.5227
3541059;Pratânia;PRATANIA;175.1;-22.8185;-48.6969
3541109;Presidente Alves;PRESIDENTE ALVES;286.642;-22.1222;-49.4318
3541208;Presidente Bernardes;PRESIDENTE BERNARDES;749.233;-22.1073;-51.6203
3541307;Presidente Epitácio;PRESIDENTE EPITACIO;1260.281;-21.9107;-52.1749
3541406;Presidente Prudente;PRESIDENTE PRUDENTE;560.637;-21.9932;-51.3431
3541505;Presidente Venceslau;PRESIDENTE VENCESLAU;755.203;-21.793;-51.8383
3541604;Promissão;PROMISSAO;779.2;-21.5245;-49.8705
3541653;Quadra;QUADRA;205.672;-23.301;-48.0386
3541703;Quatá;QUATA;651.341;-22.2059;-50.6453
3541802;Queiroz;QUEIROZ;234.914;-21.8006;-50.2453
3541901;Queluz;QUELUZ;249.399;-22.5043;-44.7853
3542008;Quintana;QUINTANA;318.937;-22.1002;-50.3693
3542107;Rafard;RAFARD;121.645;-23.0452;-47.5838
3542206;Rancharia;RANCHARIA;1587.498;-22.2828;-50.9283
3542305;Redenção da Serra;REDENCAO DA SERRA;309.441;-23.2537;-45.5261
3542404;Regente Feijó;REGENTE FEIJO;263.28;-22.2525;-51.2941
3542503;Reginópolis;REGINOPOLIS;410.406;-21.8832;-49.1805
3542602;Registro;REGISTRO;722.201;-24.504;-47.8208
3542701;Restinga;RESTINGA;245.746;-20.6482;-47.5059
3542800;Ribeira;RIBEIRA;335.759;-24.6073;-49.0366
3542909;Ribeirão Bonito;RIBEIRAO BONITO;471.553;-22.0601;-48.1853
3543006;Ribeirão Branco;RIBEIRAO BRANCO;697.5;-24.2562;-48.7781
3543105;Ribeirão Corrente;RIBEIRAO CORRENTE;148.332;-20.4489;-47.5733
3543204;Ribeirão do Sul;RIBEIRAO DO SUL;203.208;-22.7517;-49.9227
3543238;Ribeirão dos Índios;RIBEIRAO DOS INDIOS;196.446;-21.7843;-51.5833
3543253;Ribeirão Grande;RIBEIRAO GRANDE;333.363;-24.1886;-48.3588
3543303;Ribeirão Pires;RIBEIRAO PIRES;98.972;-23.7011;-46.4028
3543402;Ribeirão Preto;RIBEIRAO PRETO;650.916;-21.2108;-47.8213
3543501;Riversul;RIVERSUL;385.878;-23.8469;-49.4478
3543600;Rifaina;RIFAINA;162.508;-20.0608;-47.4409
3543709;Rincão;RINCAO;316.639;-21.5939;-48.032
3543808;Rinópolis;RINOPOLIS;358.481;-21.6812;-50.7174
3543907;Rio Claro;RIO CLARO;498.422;-22.3739;-47.5799
3544004;Rio das Pedras;RIO DAS PEDRAS;226.657;-22.8503;-47.5984
3544103;Rio Grande da Serra;RIO GRANDE DA SERRA;36.341;-23.7379;-46.3795
3544202;Riolândia;RIOLANDIA;631.897;-20.0235;-49.7092
3544251;Rosana;ROSANA;744.011;-22.4891;-52.8369
3544301;Roseira;ROSEIRA;129.847;-22.933;-45.3025
3544400;Rubiácea;RUBIACEA;236.484;-21.3609;-50.7858
3544509;Rubinéia;RUBINEIA;242.877;-20.2497;-51.0183
3544608;Sabino;SABINO;305.285;-21.4708;-49.5756
3544707;Sagres;SAGRES;147.935;-21.8678;-50.9903
3544806;Sales;SALES;308.555;-21.3472;-49.5027
3544905;Sales Oliveira;SALES OLIVEIRA;305.776;-20.8315;-47.8546
3545001;Salesópolis;SALESOPOLIS;424.997;-23.5802;-45.8426
3545100;Salmourão;SALMOURAO;172.934;-21.588;-50.8763
3545159;Saltinho;SALTINHO;99.738;-22.8712;-47.7318
3545209;Salto;SALTO;133.057;-23.1805;-47.3026
3545308;Salto de Pirapora;SALTO DE PIRAPORA;280.412;-23.6528;-47.5806
3545407;Salto Grande;SALTO GRANDE;188.441;-22.8709;-49.9608
3545506;Sandovalina;SANDOVALINA;455.856;-22.4779;-51.8421
3545605;Santa Adélia;SANTA ADELIA;330.269;-21.3178;-48.819
3545704;Santa Albertina;SANTA ALBERTINA;272.692;-20.0142;-50.7277
3545803;Santa Bárbara d'Oeste;SANTA BARBARA DOESTE;271.03;-22.8006;-47.4281
3546009;Santa Branca;SANTA BRANCA;272.238;-23.4264;-45.8633
3546108;Santa Clara d'Oeste;SANTA CLARA DOESTE;183.458;-20.0669;-50.9084
3546207;Santa Cruz da Conceição;SANTA CRUZ DA CONCEICAO;150.13;-22.1213;-47.4856
3546256;Santa Cruz da Esperança;SANTA CRUZ DA ESPERANCA;148.062;-21.2748;-47.4396
3546306;Santa Cruz das Palmeiras;SANTA CRUZ DAS PALMEIRAS;295.337;-21.8555;-47.2501
3546405;Santa Cruz do Rio Pardo;SANTA CRUZ DO RIO PARDO;1114.747;-22.8093;-49.569
3546504;Santa Ernestina;SANTA ERNESTINA;134.421;-21.4525;-48.3668
3546603;Santa Fé do Sul;SANTA FE DO SUL;206.537;-20.2419;-50.9502
3546702;Santa Gertrudes;SANTA GERTRUDES;98.291;-22.4751;-47.5213
3546801;Santa Isabel;SANTA ISABEL;363.332;-23.2889;-46.2424
3546900;Santa Lúcia;SANTA LUCIA;153.86;-21.6708;-48.0574
3547007;Santa Maria da Serra;SANTA MARIA DA SERRA;252.621;-22.5646;-48.1543
3547106;Santa Mercedes;SANTA MERCEDES;166.753;-21.3168;-51.7371
3547205;Santana da Ponte Pensa;SANTANA DA PONTE PENSA;129.888;-20.2607;-50.7971
3547304;Santana de Parnaíba;SANTANA DE PARNAIBA;179.949;-23.4494;-46.9168
3547403;Santa Rita d'Oeste;SANTA RITA DOESTE;209.8;-20.0972;-50.8127
3547502;Santa Rita do Passa Quatro;SANTA RITA DO PASSA QUATRO;754.141;-21.6825;-47.5079
3547601;Santa Rosa de Viterbo;SANTA ROSA DE VITERBO;288.576;-21.5038;-47.3662
3547650;Santa Salete;SANTA SALETE;79.192;-20.2587;-50.7201
3547700;Santo Anastácio;SANTO ANASTACIO;552.876;-22.0377;-51.7225
3547809;Santo André;SANTO ANDRE;175.782;-23.728;-46.4416
3547908;Santo Antônio da Alegria;SANTO ANTONIO DA ALEGRIA;310.311;-21.0923;-47.1958
3548005;Santo Antônio de Posse;SANTO ANTONIO DE POSSE;154.133;-22.6033;-46.9499
3548054;Santo Antônio do Aracanguá;SANTO ANTONIO DO ARACANGUA;1308.432;-20.873;-50.5543
3548104;Santo Antônio do Jardim;SANTO ANTONIO DO JARDIM;109.956;-22.1303;-46.6835
3548203;Santo Antônio do Pinhal;SANTO ANTONIO DO PINHAL;133.008;-22.8318;-45.6981
3548302;Santo Expedito;SANTO EXPEDITO;94.465;-21.8249;-51.3702
3548401;Santópolis do Aguapeí;SANTOPOLIS DO AGUAPEI;128.026;-21.6602;-50.518
3548500;Santos;SANTOS;281.033;-23.8689;-46.2916
3548609;São Bento do Sapucaí;SAO BENTO DO SAPUCAI;252.579;-22.6814;-45.6868
3548708;São Bernardo do Campo;SAO BERNARDO DO CAMPO;409.532;-23.813;-46.5508
3548807;São Caetano do Sul;SAO CAETANO DO SUL;15.331;-23.6261;-46.5661
3548906;São Carlos;SAO CARLOS;1136.907;-21.9189;-47.8672
3549003;São Francisco;SAO FRANCISCO;75.579;-20.3658;-50.6759
3549102;São João da Boa Vista;SAO JOAO DA BOA VISTA;516.399;-21.978;-46.8022
3549201;São João das Duas Pontes;SAO JOAO DAS DUAS PONTES;129.462;-20.4084;-50.3835
3549250;São João de Iracema;SAO JOAO DE IRACEMA;178.396;-20.5208;-50.3563
3549300;São João do Pau d'Alho;SAO JOAO DO PAU DALHO;117.665;-21.2234;-51.673
3549409;São Joaquim da Barra;SAO JOAQUIM DA BARRA;410.863;-20.5505;-47.9385
3549508;São José da Bela Vista;SAO JOSE DA BELA VISTA;276.952;-20.5875;-47.6272
3549607;São José do Barreiro;SAO JOSE DO BARREIRO;570.685;-22.7489;-44.5873
3549706;São José do Rio Pardo;SAO JOSE DO RIO PARDO;419.684;-21.6037;-46.8795
3549805;São José do Rio Preto;SAO JOSE DO RIO PRETO;431.944;-20.7972;-49.3581
3549904;São José dos Campos;SAO JOSE DOS CAMPOS;1099.409;-23.0906;-45.9285
3549953;São Lourenço da Serra;SAO LOURENCO DA SERRA;186.456;-23.8524;-46.9364
3550001;São Luiz do Paraitinga;SAO LUIZ DO PARAITINGA;617.315;-23.2401;-45.2538
3550100;São Manuel;SAO MANUEL;650.734;-22.6823;-48.5404
3550209;São Miguel Arcanjo;SAO MIGUEL ARCANJO;930.339;-23.9139;-47.9933
3550308;São Paulo;SAO PAULO;1521.202;-23.6501;-46.6481
3550407;São Pedro;SAO PEDRO;611.278;-22.5584;-47.9244
3550506;São Pedro do Turvo;SAO PEDRO DO TURVO;731.221;-22.6789;-49.7723
3550605;São Roque;SAO ROQUE;306.908;-23.549;-47.1096
3550704;São Sebastião;SAO SEBASTIAO;402.395;-23.7522;-45.6056
3550803;São Sebastião da Grama;SAO SEBASTIAO DA GRAMA;252.41;-21.7541;-46.753
3550902;São Simão;SAO SIMAO;617.252;-21.4615;-47.5683
3551009;São Vicente;SAO VICENTE;148.151;-23.9592;-46.4882
3551108;Sarapuí;SARAPUI;352.592;-23.6643;-47.7858
3551207;Sarutaiá;SARUTAIA;141.608;-23.2575;-49.4817
3551306;Sebastianópolis do Sul;SEBASTIANOPOLIS DO SUL;167.848;-20.6292;-49.9159
3551405;Serra Azul;SERRA AZUL;283.144;-21.3161;-47.5497
3551504;Serrana;SERRANA;126.046;-21.2169;-47.6123
3551603;Serra Negra;SERRA NEGRA;203.734;-22.5891;-46.6873
3551702;Sertãozinho;SERTAOZINHO;403.089;-21.1229;-48.0089
3551801;Sete Barras;SETE BARRAS;1062.699;-24.2739;-47.9341
3551900;Severínia;SEVERINIA;140.46;-20.7931;-48.7938
3552007;Silveiras;SILVEIRAS;414.782;-22.7347;-44.8409
3552106;Socorro;SOCORRO;449.029;-22.6112;-46.5244
3552205;Sorocaba;SOROCABA;449.872;-23.4646;-47.4468
3552304;Sud Mennucci;SUD MENNUCCI;594.744;-20.6676;-50.9009
3552403;Sumaré;SUMARE;153.465;-22.8419;-47.263
3552502;Suzano;SUZANO;206.236;-23.6084;-46.3104
3552551;Suzanápolis;SUZANAPOLIS;330.587;-20.4729;-51.0756
3552601;Tabapuã;TABAPUA;345.792;-20.9319;-49.0289
3552700;Tabatinga;TABATINGA;368.604;-21.7125;-48.6291
3552809;Taboão da Serra;TABOAO DA SERRA;20.388;-23.6205;-46.7864
3552908;Taciba;TACIBA;607.267;-22.5049;-51.3423
3553005;Taguaí;TAGUAI;145.332;-23.4745;-49.3974
3553104;Taiaçu;TAIACU;107.059;-21.1322;-48.5303
3553203;Taiúva;TAIUVA;132.459;-21.1327;-48.4282
3553302;Tambaú;TAMBAU;561.788;-21.6018;-47.239
3553401;Tanabi;TANABI;747.218;-20.5312;-49.6465
3553500;Tapiraí;TAPIRAI;755.1;-24.0087;-47.6194
3553609;Tapiratiba;TAPIRATIBA;221.891;-21.4508;-46.7419
3553658;Taquaral;TAQUARAL;53.892;-21.0693;-48.3994
3553708;Taquaritinga;TAQUARITINGA;594.335;-21.4256;-48.5379
3553807;Taquarituba;TAQUARITUBA;448.515;-23.5302;-49.2346
3553856;Taquarivaí;TAQUARIVAI;231.792;-23.9433;-48.6879
3553906;Tarabai;TARABAI;201.385;-22.358;-51.6258
3553955;Tarumã;TARUMA;302.913;-22.7635;-50.6014
3554003;Tatuí;TATUI;523.749;-23.3621;-47.8695
3554102;Taubaté;TAUBATE;625.003;-23.0871;-45.5024
3554201;Tejupá;TEJUPA;296.189;-23.3425;-49.3066
3554300;Teodoro Sampaio;TEODORO SAMPAIO;1555.803;-22.4166;-52.374
3554409;Terra Roxa;TERRA ROXA;221.541;-20.7788;-48.3458
3554508;Tietê;TIETE;404.396;-23.0494;-47.7077
3554607;Timburi;TIMBURI;196.79;-23.1958;-49.6104
3554656;Torre de Pedra;TORRE DE PEDRA;71.348;-23.2501;-48.2127
3554706;Torrinha;TORRINHA;315.267;-22.4446;-48.1644
3554755;Trabiju;TRABIJU;63.421;-22.0323;-48.3452
3554805;Tremembé;TREMEMBE;191.094;-22.9408;-45.6042
3554904;Três Fronteiras;TRES FRONTEIRAS;151.594;-20.2737;-50.8696
3554953;Tuiuti;TUIUTI;126.731;-22.8303;-46.6876
3555000;Tupã;TUPA;627.986;-21.9473;-50.5346
3555109;Tupi Paulista;TUPI PAULISTA;244.77;-21.3904;-51.5872
3555208;Turiúba;TURIUBA;153.235;-20.9405;-50.1113
3555307;Turmalina;TURMALINA;147.797;-20.0835;-50.4568
3555356;Ubarana;UBARANA;209.861;-21.2198;-49.7482
3555406;Ubatuba;UBATUBA;708.105;-23.3788;-45.0237
3555505;Ubirajara;UBIRAJARA;282.179;-22.5443;-49.6659
3555604;Uchoa;UCHOA;252.434;-20.9369;-49.1577
3555703;União Paulista;UNIAO PAULISTA;79.056;-20.8905;-49.8873
3555802;Urânia;URANIA;209.262;-20.2089;-50.6525
3555901;Uru;URU;146.901;-21.766;-49.2963
3556008;Urupês;URUPES;323.916;-21.2052;-49.2652
3556107;Valentim Gentil;VALENTIM GENTIL;149.741;-20.4205;-50.1017
3556206;Valinhos;VALINHOS;148.538;-22.9751;-46.9813
3556305;Valparaíso;VALPARAISO;857.661;-21.2031;-50.9239
3556354;Vargem;VARGEM;142.595;-22.8902;-46.4145
3556404;Vargem Grande do Sul;VARGEM GRANDE DO SUL;267.178;-21.8607;-46.899
3556453;Vargem Grande Paulista;VARGEM GRANDE PAULISTA;42.489;-23.6209;-47.0147
3556503;Várzea Paulista;VARZEA PAULISTA;35.12;-23.2193;-46.8249
3556602;Vera Cruz;VERA CRUZ;247.716;-22.2341;-49.8262
3556701;Vinhedo;VINHEDO;80.95;-23.0465;-46.9792
3556800;Viradouro;VIRADOURO;217.726;-20.8844;-48.3099
3556909;Vista Alegre do Alto;VISTA ALEGRE DO ALTO;95.429;-21.1767;-48.6494
3556958;Vitória Brasil;VITORIA BRASIL;49.832;-20.1984;-50.4855
3557006;Votorantim;VOTORANTIM;184.186;-23.5799;-47.4065
3557105;Votuporanga;VOTUPORANGA;420.703;-20.4578;-49.9891
3557154;Zacarias;ZACARIAS;319.056;-21.1255;-50.0494
3557204;Chavantes;CHAVANTES;188.727;-23.0463;-49.7265
3557303;Estiva Gerbi;ESTIVA GERBI;74.144;-22.2361;-46.9431
