algoritmo;criterio;cenario;n;repeticoes;media_ms;desvio_ms;min_ms;max_ms;comparacoes;trocas;atribuicoes;acessos;n_log2_n;n2_sobre_2;verificado
Bubble Sort;Data/hora;Aleatória;100;5;0,078540;0,000619;0,077800;0,079300;4884;2463;4926;19620;664,385619;4950,000000;sim
Selection Sort;Data/hora;Aleatória;100;5;0,057660;0,001383;0,055900;0,059600;4950;92;184;10268;664,385619;4950,000000;sim
Insertion Sort;Data/hora;Aleatória;100;5;0,032100;0,000255;0,031800;0,032400;2560;0;2560;5219;664,385619;4950,000000;sim
Shell Sort;Data/hora;Aleatória;100;5;0,009320;0,000449;0,009000;0,010100;674;0;486;1565;664,385619;4950,000000;sim
Merge Sort;Data/hora;Aleatória;100;5;0,013000;0,000354;0,012700;0,013600;602;0;1184;3069;664,385619;4950,000000;sim
Quick Sort;Data/hora;Aleatória;100;5;0,011200;0,000374;0,010900;0,011800;799;257;514;2063;664,385619;4950,000000;sim
Quick Sort 3-Way;Data/hora;Aleatória;100;5;0,009900;0,000636;0,009500;0,011000;608;515;1030;2816;664,385619;4950,000000;sim
Quick Sort 2 pivôs;Data/hora;Aleatória;100;5;0,009160;0,000182;0,009000;0,009400;648;321;642;2580;664,385619;4950,000000;sim
Intro Sort;Data/hora;Aleatória;100;5;0,008880;0,000084;0,008800;0,009000;653;306;612;2530;664,385619;4950,000000;sim
Heap Sort;Data/hora;Aleatória;100;5;0,021140;0,006905;0,013300;0,029400;1013;573;1146;4318;664,385619;4950,000000;sim
Tim Sort (simplificado);Data/hora;Aleatória;100;5;0,009820;0,000409;0,009300;0,010400;554;0;1127;2816;664,385619;4950,000000;sim
Radix Sort (LSD);Data/hora;Aleatória;100;5;0,004580;0,000130;0,004500;0,004800;0;0;800;1700;664,385619;4950,000000;sim
Bubble Sort;Data/hora;Já ordenada;100;5;0,001360;0,000055;0,001300;0,001400;99;0;0;198;664,385619;4950,000000;sim
Selection Sort;Data/hora;Já ordenada;100;5;0,073400;0,002611;0,070200;0,077400;4950;0;0;9900;664,385619;4950,000000;sim
Insertion Sort;Data/hora;Já ordenada;100;5;0,001740;0,000089;0,001600;0,001800;99;0;0;198;664,385619;4950,000000;sim
Shell Sort;Data/hora;Já ordenada;100;5;0,006240;0,000134;0,006100;0,006400;405;0;0;810;664,385619;4950,000000;sim
Merge Sort;Data/hora;Já ordenada;100;5;0,001780;0,000084;0,001700;0,001900;99;0;0;198;664,385619;4950,000000;sim
Quick Sort;Data/hora;Já ordenada;100;5;0,010200;0,000424;0,009900;0,010900;801;149;298;1637;664,385619;4950,000000;sim
Quick Sort 3-Way;Data/hora;Já ordenada;100;5;0,020520;0,001307;0,019700;0,022800;681;592;1184;3193;664,385619;4950,000000;sim
Quick Sort 2 pivôs;Data/hora;Já ordenada;100;5;0,004660;0,000182;0,004500;0,004900;359;77;154;1026;664,385619;4950,000000;sim
Intro Sort;Data/hora;Já ordenada;100;5;0,006480;0,000084;0,006400;0,006600;523;91;182;1410;664,385619;4950,000000;sim
Heap Sort;Data/hora;Já ordenada;100;5;0,014260;0,000416;0,013800;0,014900;1056;622;1244;4600;664,385619;4950,000000;sim
Tim Sort (simplificado);Data/hora;Já ordenada;100;5;0,004440;0,000643;0,003900;0,005400;316;0;0;415;664,385619;4950,000000;sim
Radix Sort (LSD);Data/hora;Já ordenada;100;5;0,004260;0,000134;0,004100;0,004400;0;0;800;1700;664,385619;4950,000000;sim
Bubble Sort;Data/hora;Inversamente ordenada;100;5;0,065840;0,000195;0,065700;0,066100;4950;4808;9616;29132;664,385619;4950,000000;sim
Selection Sort;Data/hora;Inversamente ordenada;100;5;0,055400;0,000071;0,055300;0,055500;4950;51;102;10104;664,385619;4950,000000;sim
Insertion Sort;Data/hora;Inversamente ordenada;100;5;0,058280;0,001612;0,056600;0,060800;4857;0;4907;9863;664,385619;4950,000000;sim
Shell Sort;Data/hora;Inversamente ordenada;100;5;0,006640;0,000055;0,006600;0,006700;545;0;421;1371;664,385619;4950,000000;sim
Merge Sort;Data/hora;Inversamente ordenada;100;5;0,007980;0,000110;0,007900;0,008100;421;0;1200;2920;664,385619;4950,000000;sim
Quick Sort;Data/hora;Inversamente ordenada;100;5;0,008980;0,000164;0,008800;0,009200;781;189;378;1785;664,385619;4950,000000;sim
Quick Sort 3-Way;Data/hora;Inversamente ordenada;100;5;0,007600;0,000071;0,007500;0,007700;540;459;918;2516;664,385619;4950,000000;sim
Quick Sort 2 pivôs;Data/hora;Inversamente ordenada;100;5;0,005960;0,000573;0,005500;0,006900;445;130;260;1410;664,385619;4950,000000;sim
Intro Sort;Data/hora;Inversamente ordenada;100;5;0,005500;0,000200;0,005300;0,005800;457;111;222;1358;664,385619;4950,000000;sim
Heap Sort;Data/hora;Inversamente ordenada;100;5;0,012040;0,000114;0,011900;0,012200;944;509;1018;3924;664,385619;4950,000000;sim
Tim Sort (simplificado);Data/hora;Inversamente ordenada;100;5;0,012800;0,000122;0,012600;0,012900;452;0;1847;4151;664,385619;4950,000000;sim
Radix Sort (LSD);Data/hora;Inversamente ordenada;100;5;0,012460;0,000313;0,012200;0,013000;0;0;800;1700;664,385619;4950,000000;sim
Bubble Sort;Data/hora;Aleatória;1000;5;10,405320;0,867414;9,739700;11,911300;499290;240330;480660;1959900;9965,784285;499500,000000;sim
Selection Sort;Data/hora;Aleatória;1000;5;6,908820;0,225977;6,600300;7,208000;499500;990;1980;1002960;9965,784285;499500,000000;sim
Insertion Sort;Data/hora;Aleatória;1000;5;2,990400;0,193172;2,784000;3,183400;241325;0;241315;483639;9965,784285;499500,000000;sim
Shell Sort;Data/hora;Aleatória;1000;5;0,236580;0,010637;0,230500;0,255500;11141;0;7542;25454;9965,784285;499500,000000;sim
Merge Sort;Data/hora;Aleatória;1000;5;0,514180;0,222919;0,368600;0,904100;9297;0;18436;47168;9965,784285;499500,000000;sim
Quick Sort;Data/hora;Aleatória;1000;5;0,215200;0,010263;0,203700;0,227400;12362;3476;6952;28638;9965,784285;499500,000000;sim
Quick Sort 3-Way;Data/hora;Aleatória;1000;5;0,173300;0,002493;0,170900;0,177300;7000;6049;12098;31928;9965,784285;499500,000000;sim
Quick Sort 2 pivôs;Data/hora;Aleatória;1000;5;0,167780;0,004096;0,163800;0,173300;9166;2865;5730;29792;9965,784285;499500,000000;sim
Intro Sort;Data/hora;Aleatória;1000;5;0,354560;0,171210;0,209100;0,612700;10374;3102;6204;33156;9965,784285;499500,000000;sim
Heap Sort;Data/hora;Aleatória;1000;5;0,435380;0,053320;0,345100;0,478000;16816;9039;18078;69788;9965,784285;499500,000000;sim
Tim Sort (simplificado);Data/hora;Aleatória;1000;5;0,279700;0,001652;0,278000;0,282400;8675;0;18611;46033;9965,784285;499500,000000;sim
Radix Sort (LSD);Data/hora;Aleatória;1000;5;0,041520;0,000438;0,041000;0,041900;0;0;8000;17000;9965,784285;499500,000000;sim
Bubble Sort;Data/hora;Já ordenada;1000;5;0,018300;0,009843;0,012300;0,035100;999;0;0;1998;9965,784285;499500,000000;sim
Selection Sort;Data/hora;Já ordenada;1000;5;10,088360;3,065296;6,463300;12,373600;499500;0;0;999000;9965,784285;499500,000000;sim
Insertion Sort;Data/hora;Já ordenada;1000;5;0,016200;0,000071;0,016100;0,016300;999;0;0;1998;9965,784285;499500,000000;sim
Shell Sort;Data/hora;Já ordenada;1000;5;0,193020;0,036617;0,142100;0,244400;6771;0;0;13542;9965,784285;499500,000000;sim
Merge Sort;Data/hora;Já ordenada;1000;5;0,015660;0,000513;0,015100;0,016400;999;0;0;1998;9965,784285;499500,000000;sim
Quick Sort;Data/hora;Já ordenada;1000;5;0,261760;0,236718;0,141800;0,684200;12306;2158;4316;23334;9965,784285;499500,000000;sim
Quick Sort 3-Way;Data/hora;Já ordenada;1000;5;0,221860;0,001090;0,220300;0,223100;15090;14137;28274;72378;9965,784285;499500,000000;sim
Quick Sort 2 pivôs;Data/hora;Já ordenada;1000;5;0,141960;0,003387;0,138800;0,147500;9562;1406;2812;24748;9965,784285;499500,000000;sim
Intro Sort;Data/hora;Já ordenada;1000;5;0,126040;0,030456;0,109200;0,179600;9400;1136;2272;23344;9965,784285;499500,000000;sim
Heap Sort;Data/hora;Já ordenada;1000;5;0,271000;0,010248;0,261600;0,288400;16697;9147;18294;69982;9965,784285;499500,000000;sim
Tim Sort (simplificado);Data/hora;Já ordenada;1000;5;0,038660;0,000365;0,038300;0,039100;3237;0;0;4236;9965,784285;499500,000000;sim
Radix Sort (LSD);Data/hora;Já ordenada;1000;5;0,042620;0,000455;0,042100;0,043100;0;0;8000;17000;9965,784285;499500,000000;sim
Bubble Sort;Data/hora;Inversamente ordenada;1000;5;7,468800;0,325011;6,939800;7,813900;499500;485083;970166;2939332;9965,784285;499500,000000;sim
Selection Sort;Data/hora;Inversamente ordenada;1000;5;7,288120;0,508448;6,548000;7,806000;499500;529;1058;1001116;9965,784285;499500,000000;sim
Insertion Sort;Data/hora;Inversamente ordenada;1000;5;6,159800;0,287155;5,679900;6,418600;485828;0;486082;972909;9965,784285;499500,000000;sim
Shell Sort;Data/hora;Inversamente ordenada;1000;5;0,121800;0,000122;0,121700;0,122000;8398;0;4104;19273;9965,784285;499500,000000;sim
Merge Sort;Data/hora;Inversamente ordenada;1000;5;0,109520;0,004917;0,107000;0,118300;5538;0;15622;37781;9965,784285;499500,000000;sim
Quick Sort;Data/hora;Inversamente ordenada;1000;5;0,185760;0,057511;0,145200;0,274400;12054;2568;5136;24762;9965,784285;499500,000000;sim
Quick Sort 3-Way;Data/hora;Inversamente ordenada;1000;5;0,147240;0,000313;0,146900;0,147700;10488;9523;19046;49316;9965,784285;499500,000000;sim
Quick Sort 2 pivôs;Data/hora;Inversamente ordenada;1000;5;0,128680;0,002935;0,126300;0,133800;10010;1819;3638;27296;9965,784285;499500,000000;sim
Intro Sort;Data/hora;Inversamente ordenada;1000;5;0,106420;0,000396;0,105900;0,107000;9158;1545;3090;24496;9965,784285;499500,000000;sim
Heap Sort;Data/hora;Inversamente ordenada;1000;5;0,271940;0,012371;0,258300;0,283200;15983;8335;16670;65306;9965,784285;499500,000000;sim
Tim Sort (simplificado);Data/hora;Inversamente ordenada;1000;5;0,401720;0,405642;0,132500;1,046700;6426;0;20246;47257;9965,784285;499500,000000;sim
Radix Sort (LSD);Data/hora;Inversamente ordenada;1000;5;0,050000;0,009154;0,041500;0,063300;0;0;8000;17000;9965,784285;499500,000000;sim
Bubble Sort;Data/hora;Aleatória;5000;5;282,401780;10,525696;274,253900;300,117000;12483275;6199343;12398686;49763922;61438,561898;12497500,000000;sim
Selection Sort;Data/hora;Aleatória;5000;5;203,268740;11,734108;191,679200;221,943600;12497500;4994;9988;25014976;61438,561898;12497500,000000;sim
Insertion Sort;Data/hora;Aleatória;5000;5;91,289420;5,660818;83,005000;95,673800;6204337;0;6204329;12413665;61438,561898;12497500,000000;sim
Shell Sort;Data/hora;Aleatória;5000;5;1,842720;0,226067;1,679100;2,222100;67909;0;41952;153507;61438,561898;12497500,000000;sim
Merge Sort;Data/hora;Aleatória;5000;5;2,142640;0,472048;1,516000;2,798900;58131;0;116144;295418;61438,561898;12497500,000000;sim
Quick Sort;Data/hora;Aleatória;5000;5;3,061580;1,294455;1,956200;4,596800;70160;22119;44238;170436;61438,561898;12497500,000000;sim
Quick Sort 3-Way;Data/hora;Aleatória;5000;5;0,959460;0,186594;0,790500;1,279700;33764;28697;57394;150128;61438,561898;12497500,000000;sim
Quick Sort 2 pivôs;Data/hora;Aleatória;5000;5;1,207940;0,211684;1,040000;1,567800;57190;17177;34354;183088;61438,561898;12497500,000000;sim
Intro Sort;Data/hora;Aleatória;5000;5;1,116180;0,047569;1,065600;1,174000;58029;17636;35272;186602;61438,561898;12497500,000000;sim
Heap Sort;Data/hora;Aleatória;5000;5;2,041900;0,121392;1,917600;2,171800;107547;56874;113748;442590;61438,561898;12497500,000000;sim
Tim Sort (simplificado);Data/hora;Aleatória;5000;5;1,680400;0,313636;1,478500;2,224800;56617;0;118011;293331;61438,561898;12497500,000000;sim
Radix Sort (LSD);Data/hora;Aleatória;5000;5;0,248380;0,015731;0,235300;0,268800;0;0;40000;85000;61438,561898;12497500,000000;sim
Bubble Sort;Data/hora;Já ordenada;5000;5;0,121380;0,067427;0,088700;0,241900;4999;0;0;9998;61438,561898;12497500,000000;sim
Selection Sort;Data/hora;Já ordenada;5000;5;164,912200;7,811079;154,328400;172,978300;12497500;0;0;24995000;61438,561898;12497500,000000;sim
Insertion Sort;Data/hora;Já ordenada;5000;5;0,107240;0,021266;0,089200;0,139200;4999;0;0;9998;61438,561898;12497500,000000;sim
Shell Sort;Data/hora;Já ordenada;5000;5;0,710780;0,014308;0,693300;0,729300;43646;0;0;87292;61438,561898;12497500,000000;sim
Merge Sort;Data/hora;Já ordenada;5000;5;0,097580;0,001730;0,096200;0,100200;4999;0;0;9998;61438,561898;12497500,000000;sim
Quick Sort;Data/hora;Já ordenada;5000;5;1,317820;0,308623;1,084600;1,849700;91375;14497;28994;161235;61438,561898;12497500,000000;sim
Quick Sort 3-Way;Data/hora;Já ordenada;5000;5;2,180700;0,339989;1,933100;2,725800;132516;127557;255114;644288;61438,561898;12497500,000000;sim
Quick Sort 2 pivôs;Data/hora;Já ordenada;5000;5;1,138680;0,187031;1,016100;1,453500;81174;7612;15224;192796;61438,561898;12497500,000000;sim
Intro Sort;Data/hora;Já ordenada;5000;5;0,954560;0,065125;0,908500;1,068600;77478;8374;16748;188452;61438,561898;12497500,000000;sim
Heap Sort;Data/hora;Já ordenada;5000;5;1,892900;0,257699;1,668000;2,292000;103741;55688;111376;430234;61438,561898;12497500,000000;sim
Tim Sort (simplificado);Data/hora;Já ordenada;5000;5;0,401100;0,173177;0,297900;0,706800;16237;0;0;21236;61438,561898;12497500,000000;sim
Radix Sort (LSD);Data/hora;Já ordenada;5000;5;0,356480;0,067614;0,318000;0,477100;0;0;40000;85000;61438,561898;12497500,000000;sim
Bubble Sort;Data/hora;Inversamente ordenada;5000;5;247,988860;31,869655;221,255800;300,391200;12497499;12128228;24256456;73507910;61438,561898;12497500,000000;sim
Selection Sort;Data/hora;Inversamente ordenada;5000;5;231,728940;44,332911;185,309200;284,841900;12497500;2552;5104;25005208;61438,561898;12497500,000000;sim
Insertion Sort;Data/hora;Inversamente ordenada;5000;5;193,237740;27,597513;167,230700;230,399100;12132747;0;12133225;24270971;61438,561898;12497500,000000;sim
Shell Sort;Data/hora;Inversamente ordenada;5000;5;1,019980;0,060482;0,954700;1,097500;52771;0;22863;119280;61438,561898;12497500,000000;sim
Merge Sort;Data/hora;Inversamente ordenada;5000;5;0,800940;0,335419;0,613500;1,396700;30365;0;85152;205668;61438,561898;12497500,000000;sim
Quick Sort;Data/hora;Inversamente ordenada;5000;5;1,136360;0,254378;0,988100;1,587900;79287;16838;33676;158319;61438,561898;12497500,000000;sim
Quick Sort 3-Way;Data/hora;Inversamente ordenada;5000;5;1,413520;0,267737;1,249700;1,888100;88208;83248;166496;422740;61438,561898;12497500,000000;sim
Quick Sort 2 pivôs;Data/hora;Inversamente ordenada;5000;5;0,700460;0,036912;0,670300;0,762800;50949;9646;19292;140482;61438,561898;12497500,000000;sim
Intro Sort;Data/hora;Inversamente ordenada;5000;5;0,844280;0,083515;0,777500;0,966500;65071;10317;20634;171410;61438,561898;12497500,000000;sim
Heap Sort;Data/hora;Inversamente ordenada;5000;5;1,802640;0,208575;1,633800;2,132500;102480;52965;105930;416820;61438,561898;12497500,000000;sim
Tim Sort (simplificado);Data/hora;Inversamente ordenada;5000;5;1,051900;0,392519;0,759400;1,585700;35516;0;101204;240773;61438,561898;12497500,000000;sim
Radix Sort (LSD);Data/hora;Inversamente ordenada;5000;5;0,240320;0,021887;0,225300;0,278400;0;0;40000;85000;61438,561898;12497500,000000;sim
Bubble Sort;Data/hora;Aleatória;10000;5;1638,201920;276,015714;1334,224800;1905,947400;49959886;24344064;48688128;197296028;132877,123795;49995000,000000;sim
Selection Sort;Data/hora;Aleatória;10000;5;969,004780;65,599456;912,935500;1081,489500;49995000;9985;19970;100029940;132877,123795;49995000,000000;sim
Insertion Sort;Data/hora;Aleatória;10000;5;547,539420;152,148377;373,228400;688,033700;24354060;0;24354051;48718110;132877,123795;49995000,000000;sim
Shell Sort;Data/hora;Aleatória;10000;5;5,315240;0,519285;4,466200;5,871500;147008;0;87865;330536;132877,123795;49995000,000000;sim
Merge Sort;Data/hora;Aleatória;10000;5;10,790960;1,816285;8,599000;13,434900;126311;0;252350;641010;132877,123795;49995000,000000;sim
Quick Sort;Data/hora;Aleatória;10000;5;3,419760;0,323790;3,152200;3,846300;151596;48325;96650;368460;132877,123795;49995000,000000;sim
Quick Sort 3-Way;Data/hora;Aleatória;10000;5;1,797400;0,283241;1,608300;2,289400;66389;56238;112476;293309;132877,123795;49995000,000000;sim
Quick Sort 2 pivôs;Data/hora;Aleatória;10000;5;3,436660;0,847034;2,795400;4,483900;112988;23908;47816;321608;132877,123795;49995000,000000;sim
Intro Sort;Data/hora;Aleatória;10000;5;3,009760;0,359629;2,690800;3,599300;125333;37291;74582;399830;132877,123795;49995000,000000;sim
Heap Sort;Data/hora;Aleatória;10000;5;5,335320;0,557983;4,703300;5,808600;235122;123806;247612;965468;132877,123795;49995000,000000;sim
Tim Sort (simplificado);Data/hora;Aleatória;10000;5;3,948220;0,435797;3,437100;4,424900;123192;0;256185;636933;132877,123795;49995000,000000;sim
Radix Sort (LSD);Data/hora;Aleatória;10000;5;0,757200;0,353413;0,522200;1,359200;0;0;80000;170000;132877,123795;49995000,000000;sim
Bubble Sort;Data/hora;Já ordenada;10000;5;0,421320;0,162538;0,247600;0,649600;9999;0;0;19998;132877,123795;49995000,000000;sim
Selection Sort;Data/hora;Já ordenada;10000;5;829,115560;43,344223;776,838200;889,521800;49995000;0;0;99990000;132877,123795;49995000,000000;sim
Insertion Sort;Data/hora;Já ordenada;10000;5;1,614280;0,443041;1,331000;2,393200;9999;0;0;19998;132877,123795;49995000,000000;sim
Shell Sort;Data/hora;Já ordenada;10000;5;2,189940;0,355976;1,898400;2,748900;95663;0;0;191326;132877,123795;49995000,000000;sim
Merge Sort;Data/hora;Já ordenada;10000;5;0,206320;0,014569;0,194600;0,223700;9999;0;0;19998;132877,123795;49995000,000000;sim
Quick Sort;Data/hora;Já ordenada;10000;5;3,347240;0,308850;2,962800;3,675600;226948;32921;65842;382396;132877,123795;49995000,000000;sim
Quick Sort 3-Way;Data/hora;Já ordenada;10000;5;8,833340;1,116267;7,205800;10,224400;345378;335344;670688;1688710;132877,123795;49995000,000000;sim
Quick Sort 2 pivôs;Data/hora;Já ordenada;10000;5;7,812200;1,085636;6,799900;9,347200;269456;15456;30912;600736;132877,123795;49995000,000000;sim
Intro Sort;Data/hora;Já ordenada;10000;5;6,203540;1,987557;3,950700;9,001100;200679;21149;42298;485954;132877,123795;49995000,000000;sim
Heap Sort;Data/hora;Já ordenada;10000;5;4,385020;0,176608;4,220100;4,658000;224255;119576;239152;926814;132877,123795;49995000,000000;sim
Tim Sort (simplificado);Data/hora;Já ordenada;10000;5;0,548200;0,128573;0,486600;0,778100;32486;0;0;42485;132877,123795;49995000,000000;sim
Radix Sort (LSD);Data/hora;Já ordenada;10000;5;0,628600;0,168380;0,495000;0,874100;0;0;80000;170000;132877,123795;49995000,000000;sim
Bubble Sort;Data/hora;Inversamente ordenada;10000;5;1105,587540;74,055000;1037,236700;1230,672900;49994999;48471958;96943916;293877830;132877,123795;49995000,000000;sim
Selection Sort;Data/hora;Inversamente ordenada;10000;5;1156,059300;172,463290;909,370900;1305,520500;49995000;5145;10290;100010580;132877,123795;49995000,000000;sim
Insertion Sort;Data/hora;Inversamente ordenada;10000;5;920,994420;73,031378;866,968200;1046,533900;48481387;0;48481953;96973339;132877,123795;49995000,000000;sim
Shell Sort;Data/hora;Inversamente ordenada;10000;5;2,803260;1,027753;2,066200;4,303500;111476;0;39724;246863;132877,123795;49995000,000000;sim
Merge Sort;Data/hora;Inversamente ordenada;10000;5;1,564500;0,361290;1,367100;2,209300;61928;0;173228;418383;132877,123795;49995000,000000;sim
Quick Sort;Data/hora;Inversamente ordenada;10000;5;2,760480;0,172345;2,612500;3,014000;191584;37391;74782;364496;132877,123795;49995000,000000;sim
Quick Sort 3-Way;Data/hora;Inversamente ordenada;10000;5;3,656180;0,238647;3,359200;3,858700;219416;209376;418752;1058864;132877,123795;49995000,000000;sim
Quick Sort 2 pivôs;Data/hora;Inversamente ordenada;10000;5;3,396400;1,838145;1,369300;5,855400;102676;19368;38736;282824;132877,123795;49995000,000000;sim
Intro Sort;Data/hora;Inversamente ordenada;10000;5;2,509700;0,426163;2,132900;3,015400;162936;23741;47482;420836;132877,123795;49995000,000000;sim
Heap Sort;Data/hora;Inversamente ordenada;10000;5;4,586580;0,547975;4,159600;5,500300;224168;115266;230532;909400;132877,123795;49995000,000000;sim
Tim Sort (simplificado);Data/hora;Inversamente ordenada;10000;5;1,973500;0,238408;1,760700;2,355700;74791;0;198495;478472;132877,123795;49995000,000000;sim
Radix Sort (LSD);Data/hora;Inversamente ordenada;10000;5;0,547260;0,092094;0,499800;0,711700;0;0;80000;170000;132877,123795;49995000,000000;sim
Bubble Sort;Data/hora;Aleatória;10378;5;1546,612020;111,860716;1435,816300;1725,050000;53797665;26188026;52376052;212347434;138455,397236;53846253,000000;sim
Selection Sort;Data/hora;Aleatória;10378;5;1270,942000;220,352336;1032,325900;1495,608100;53846253;10369;20738;107733982;138455,397236;53846253,000000;sim
Insertion Sort;Data/hora;Aleatória;10378;5;442,398360;12,237382;430,712400;460,777300;26198395;0;26198386;52407158;138455,397236;53846253,000000;sim
Shell Sort;Data/hora;Aleatória;10378;5;4,933520;0,678262;4,174000;5,714100;152332;0;90154;342307;138455,397236;53846253,000000;sim
Merge Sort;Data/hora;Aleatória;10378;5;3,858060;0,672173;3,274200;4,703900;131545;0;262804;667530;138455,397236;53846253,000000;sim
Quick Sort;Data/hora;Aleatória;10378;5;6,920540;2,344282;4,049200;8,961200;157626;50442;100884;384078;138455,397236;53846253,000000;sim
Quick Sort 3-Way;Data/hora;Aleatória;10378;5;2,665560;0,809047;1,891200;3,973800;68969;58457;116914;304781;138455,397236;53846253,000000;sim
Quick Sort 2 pivôs;Data/hora;Aleatória;10378;5;2,835700;0,658314;2,350200;3,961800;123114;25093;50186;346600;138455,397236;53846253,000000;sim
Intro Sort;Data/hora;Aleatória;10378;5;3,135440;0,483929;2,645400;3,699900;130111;38988;77976;416174;138455,397236;53846253,000000;sim
Heap Sort;Data/hora;Aleatória;10378;5;6,392640;2,604579;5,010700;11,031900;245261;129172;258344;1007210;138455,397236;53846253,000000;sim
Tim Sort (simplificado);Data/hora;Aleatória;10378;5;4,617180;0,628935;3,886400;5,218300;129095;0;268987;668435;138455,397236;53846253,000000;sim
Radix Sort (LSD);Data/hora;Aleatória;10378;5;0,552820;0,044492;0,504500;0,601600;0;0;83024;176426;138455,397236;53846253,000000;sim
Bubble Sort;Data/hora;Já ordenada;10378;5;0,158140;0,005483;0,155100;0,167900;10377;0;0;20754;138455,397236;53846253,000000;sim
Selection Sort;Data/hora;Já ordenada;10378;5;854,433960;188,132909;727,668000;1183,298100;53846253;0;0;107692506;138455,397236;53846253,000000;sim
Insertion Sort;Data/hora;Já ordenada;10378;5;0,203380;0,060144;0,161800;0,299400;10377;0;0;20754;138455,397236;53846253,000000;sim
Shell Sort;Data/hora;Já ordenada;10378;5;1,699160;0,080931;1,612200;1,787000;99821;0;0;199642;138455,397236;53846253,000000;sim
Merge Sort;Data/hora;Já ordenada;10378;5;0,206500;0,011892;0,196000;0,220300;10377;0;0;20754;138455,397236;53846253,000000;sim
Quick Sort;Data/hora;Já ordenada;10378;5;3,052280;0,067224;2,940700;3,100800;233591;34394;68788;395895;138455,397236;53846253,000000;sim
Quick Sort 3-Way;Data/hora;Já ordenada;10378;5;5,478420;0,127059;5,330000;5,655100;367706;357293;714586;1798846;138455,397236;53846253,000000;sim
Quick Sort 2 pivôs;Data/hora;Já ordenada;10378;5;3,777640;0,183081;3,577300;3,938400;280976;15872;31744;625440;138455,397236;53846253,000000;sim
Intro Sort;Data/hora;Já ordenada;10378;5;2,754240;0,202478;2,588500;3,050000;204987;21283;42566;495106;138455,397236;53846253,000000;sim
Heap Sort;Data/hora;Já ordenada;10378;5;3,840600;0,057779;3,757300;3,907500;234282;124882;249764;968092;138455,397236;53846253,000000;sim
Tim Sort (simplificado);Data/hora;Já ordenada;10378;5;0,469580;0,047398;0,429200;0,550400;33715;0;0;44092;138455,397236;53846253,000000;sim
Radix Sort (LSD);Data/hora;Já ordenada;10378;5;0,517760;0,027461;0,488100;0,560700;0;0;83024;176426;138455,397236;53846253,000000;sim
Bubble Sort;Data/hora;Inversamente ordenada;10378;5;907,654680;10,691363;890,536900;919,240800;53846252;52202440;104404880;316502264;138455,397236;53846253,000000;sim
Selection Sort;Data/hora;Inversamente ordenada;10378;5;767,041720;2,726190;764,210800;770,008000;53846253;5286;10572;107713650;138455,397236;53846253,000000;sim
Insertion Sort;Data/hora;Inversamente ordenada;10378;5;753,178560;12,211725;738,681100;765,938500;52212245;0;52212813;104435435;138455,397236;53846253,000000;sim
Shell Sort;Data/hora;Inversamente ordenada;10378;5;2,061720;0,081497;2,014700;2,203800;116330;0;41398;257549;138455,397236;53846253,000000;sim
Merge Sort;Data/hora;Inversamente ordenada;10378;5;1,344320;0,073938;1,286300;1,472500;64750;0;179450;434027;138455,397236;53846253,000000;sim
Quick Sort;Data/hora;Inversamente ordenada;10378;5;2,658420;0,088631;2,528400;2,747400;203856;39161;78322;384556;138455,397236;53846253,000000;sim
Quick Sort 3-Way;Data/hora;Inversamente ordenada;10378;5;3,358920;0,091672;3,275200;3,482800;233173;222761;445522;1126181;138455,397236;53846253,000000;sim
Quick Sort 2 pivôs;Data/hora;Inversamente ordenada;10378;5;1,462280;0,236997;1,327600;1,882600;101960;19996;39992;283904;138455,397236;53846253,000000;sim
Intro Sort;Data/hora;Inversamente ordenada;10378;5;2,254200;0,146195;2,127800;2,483700;174289;25035;50070;448718;138455,397236;53846253,000000;sim
Heap Sort;Data/hora;Inversamente ordenada;10378;5;3,877860;0,186881;3,736700;4,204500;233939;120184;240368;948614;138455,397236;53846253,000000;sim
Tim Sort (simplificado);Data/hora;Inversamente ordenada;10378;5;2,041000;0,134774;1,868400;2,238800;79320;0;209498;505366;138455,397236;53846253,000000;sim
Radix Sort (LSD);Data/hora;Inversamente ordenada;10378;5;0,565100;0,135837;0,481100;0,804100;0;0;83024;176426;138455,397236;53846253,000000;sim
Bubble Sort;Bioma;Aleatória;100;5;0,045740;0,000503;0,045300;0,046600;3574;1198;2396;11940;664,385619;4950,000000;sim
Selection Sort;Bioma;Aleatória;100;5;0,055840;0,000371;0,055300;0,056100;4950;46;92;10084;664,385619;4950,000000;sim
Insertion Sort;Bioma;Aleatória;100;5;0,014520;0,000487;0,014000;0,015300;1296;0;1244;2639;664,385619;4950,000000;sim
Shell Sort;Bioma;Aleatória;100;5;0,005620;0,000045;0,005600;0,005700;448;0;107;960;664,385619;4950,000000;sim
Merge Sort;Bioma;Aleatória;100;5;0,007640;0,000055;0,007600;0,007700;452;0;988;2527;664,385619;4950,000000;sim
Quick Sort;Bioma;Aleatória;100;5;0,009580;0,000045;0,009500;0,009600;753;299;598;2181;664,385619;4950,000000;sim
Quick Sort 3-Way;Bioma;Aleatória;100;5;0,001900;0,000000;0,001900;0,001900;150;49;98;354;664,385619;4950,000000;sim
Quick Sort 2 pivôs;Bioma;Aleatória;100;5;0,011040;0,016917;0,003300;0,041300;276;33;66;684;664,385619;4950,000000;sim
Intro Sort;Bioma;Aleatória;100;5;0,005840;0,000055;0,005800;0,005900;452;162;324;1552;664,385619;4950,000000;sim
Heap Sort;Bioma;Aleatória;100;5;0,008240;0,000114;0,008100;0,008400;694;334;668;2724;664,385619;4950,000000;sim
Tim Sort (simplificado);Bioma;Aleatória;100;5;0,008020;0,000045;0,008000;0,008100;465;0;868;2254;664,385619;4950,000000;sim
Bubble Sort;Bioma;Já ordenada;100;5;0,001240;0,000055;0,001200;0,001300;99;0;0;198;664,385619;4950,000000;sim
Selection Sort;Bioma;Já ordenada;100;5;0,052080;0,000045;0,052000;0,052100;4950;0;0;9900;664,385619;4950,000000;sim
Insertion Sort;Bioma;Já ordenada;100;5;0,001300;0,000000;0,001300;0,001300;99;0;0;198;664,385619;4950,000000;sim
Shell Sort;Bioma;Já ordenada;100;5;0,004940;0,000055;0,004900;0,005000;405;0;0;810;664,385619;4950,000000;sim
Merge Sort;Bioma;Já ordenada;100;5;0,001380;0,000045;0,001300;0,001400;99;0;0;198;664,385619;4950,000000;sim
Quick Sort;Bioma;Já ordenada;100;5;0,009980;0,000084;0,009900;0,010100;853;278;556;2213;664,385619;4950,000000;sim
Quick Sort 3-Way;Bioma;Já ordenada;100;5;0,001880;0,000084;0,001800;0,002000;150;48;96;350;664,385619;4950,000000;sim
Quick Sort 2 pivôs;Bioma;Já ordenada;100;5;0,053640;0,000378;0,053200;0,054000;4757;164;328;10170;664,385619;4950,000000;sim
Intro Sort;Bioma;Já ordenada;100;5;0,006220;0,000045;0,006200;0,006300;532;122;244;1552;664,385619;4950,000000;sim
Heap Sort;Bioma;Já ordenada;100;5;0,013940;0,012277;0,008300;0,035900;719;366;732;2902;664,385619;4950,000000;sim
Tim Sort (simplificado);Bioma;Já ordenada;100;5;0,003840;0,000055;0,003800;0,003900;316;0;0;415;664,385619;4950,000000;sim
Bubble Sort;Bioma;Inversamente ordenada;100;5;0,047100;0,000071;0,047000;0,047200;3960;2484;4968;17856;664,385619;4950,000000;sim
Selection Sort;Bioma;Inversamente ordenada;100;5;0,069200;0,011601;0,060000;0,083700;4950;46;92;10084;664,385619;4950,000000;sim
Insertion Sort;Bioma;Inversamente ordenada;100;5;0,026500;0,000071;0,026400;0,026600;2582;0;2530;5211;664,385619;4950,000000;sim
Shell Sort;Bioma;Inversamente ordenada;100;5;0,005580;0,000045;0,005500;0,005600;411;0;98;914;664,385619;4950,000000;sim
Merge Sort;Bioma;Inversamente ordenada;100;5;0,004160;0,000055;0,004100;0,004200;274;0;390;1153;664,385619;4950,000000;sim
Quick Sort;Bioma;Inversamente ordenada;100;5;0,010320;0,000045;0,010300;0,010400;768;316;632;2292;664,385619;4950,000000;sim
Quick Sort 3-Way;Bioma;Inversamente ordenada;100;5;0,001960;0,000055;0,001900;0,002000;150;49;98;354;664,385619;4950,000000;sim
Quick Sort 2 pivôs;Bioma;Inversamente ordenada;100;5;0,052380;0,000630;0,051700;0,053300;4757;202;404;10322;664,385619;4950,000000;sim
Intro Sort;Bioma;Inversamente ordenada;100;5;0,005600;0,000000;0,005600;0,005600;420;156;312;1464;664,385619;4950,000000;sim
Heap Sort;Bioma;Inversamente ordenada;100;5;0,008140;0,000055;0,008100;0,008200;686;312;624;2620;664,385619;4950,000000;sim
Tim Sort (simplificado);Bioma;Inversamente ordenada;100;5;0,006560;0,000055;0,006500;0,006600;413;0;558;1618;664,385619;4950,000000;sim
Bubble Sort;Bioma;Aleatória;1000;5;6,129920;0,386214;5,838200;6,805900;404107;116126;232252;1272718;9965,784285;499500,000000;sim
Selection Sort;Bioma;Aleatória;1000;5;6,633420;0,138830;6,486900;6,816900;499500;436;872;1000744;9965,784285;499500,000000;sim
Insertion Sort;Bioma;Aleatória;1000;5;1,311060;0,046039;1,250200;1,353300;117124;0;116562;234685;9965,784285;499500,000000;sim
Shell Sort;Bioma;Aleatória;1000;5;0,116340;0,015151;0,108300;0,143400;7250;0;1044;15065;9965,784285;499500,000000;sim
Merge Sort;Bioma;Aleatória;1000;5;0,135980;0,013113;0,128600;0,159300;7142;0;17264;42669;9965,784285;499500,000000;sim
Quick Sort;Bioma;Aleatória;1000;5;0,169700;0,003621;0,163700;0,173300;10749;4590;9180;31441;9965,784285;499500,000000;sim
Quick Sort 3-Way;Bioma;Aleatória;1000;5;0,023640;0,000114;0,023500;0,023800;1440;438;876;3200;9965,784285;499500,000000;sim
Quick Sort 2 pivôs;Bioma;Aleatória;1000;5;0,039540;0,000114;0,039400;0,039700;2802;249;498;6600;9965,784285;499500,000000;sim
Intro Sort;Bioma;Aleatória;1000;5;0,117540;0,004625;0,115100;0,125800;7647;2964;5928;27150;9965,784285;499500,000000;sim
Heap Sort;Bioma;Aleatória;1000;5;0,136260;0,008340;0,131800;0,151000;9635;4637;9274;37818;9965,784285;499500,000000;sim
Tim Sort (simplificado);Bioma;Aleatória;1000;5;0,126180;0,000554;0,125700;0,127000;7044;0;14115;35860;9965,784285;499500,000000;sim
Bubble Sort;Bioma;Já ordenada;1000;5;0,019000;0,014591;0,012300;0,045100;999;0;0;1998;9965,784285;499500,000000;sim
Selection Sort;Bioma;Já ordenada;1000;5;5,588100;0,112705;5,435900;5,745100;499500;0;0;999000;9965,784285;499500,000000;sim
Insertion Sort;Bioma;Já ordenada;1000;5;0,013480;0,000205;0,013300;0,013700;999;0;0;1998;9965,784285;499500,000000;sim
Shell Sort;Bioma;Já ordenada;1000;5;0,090580;0,000084;0,090500;0,090700;6771;0;0;13542;9965,784285;499500,000000;sim
Merge Sort;Bioma;Já ordenada;1000;5;0,015560;0,000152;0,015400;0,015800;999;0;0;1998;9965,784285;499500,000000;sim
Quick Sort;Bioma;Já ordenada;1000;5;0,178060;0,023586;0,161000;0,216000;13011;4357;8714;32691;9965,784285;499500,000000;sim
Quick Sort 3-Way;Bioma;Já ordenada;1000;5;0,018340;0,000152;0,018200;0,018500;1440;438;876;3200;9965,784285;499500,000000;sim
Quick Sort 2 pivôs;Bioma;Já ordenada;1000;5;4,757020;0,097575;4,631300;4,905200;427164;1368;2736;859800;9965,784285;499500,000000;sim
Intro Sort;Bioma;Já ordenada;1000;5;0,125460;0,000358;0,125100;0,126000;10107;2773;5546;31306;9965,784285;499500,000000;sim
Heap Sort;Bioma;Já ordenada;1000;5;0,133840;0,002270;0,132300;0,137800;9726;4864;9728;38908;9965,784285;499500,000000;sim
Tim Sort (simplificado);Bioma;Já ordenada;1000;5;0,040800;0,000141;0,040700;0,041000;3237;0;0;4236;9965,784285;499500,000000;sim
Bubble Sort;Bioma;Inversamente ordenada;1000;5;5,202460;0,074547;5,129400;5,314700;405105;245904;491808;1793826;9965,784285;499500,000000;sim
Selection Sort;Bioma;Inversamente ordenada;1000;5;6,390220;0,172968;6,176000;6,621600;499500;436;872;1000744;9965,784285;499500,000000;sim
Insertion Sort;Bioma;Inversamente ordenada;1000;5;2,689360;0,046551;2,632600;2,744800;246902;0;246340;494241;9965,784285;499500,000000;sim
Shell Sort;Bioma;Inversamente ordenada;1000;5;0,095220;0,000130;0,095100;0,095400;6944;0;946;14661;9965,784285;499500,000000;sim
Merge Sort;Bioma;Inversamente ordenada;1000;5;0,052940;0,000814;0,052200;0,054300;2798;0;3996;11789;9965,784285;499500,000000;sim
Quick Sort;Bioma;Inversamente ordenada;1000;5;0,144320;0,002066;0,143100;0,148000;10653;4769;9538;31901;9965,784285;499500,000000;sim
Quick Sort 3-Way;Bioma;Inversamente ordenada;1000;5;0,018600;0,000173;0,018300;0,018700;1440;439;878;3204;9965,784285;499500,000000;sim
Quick Sort 2 pivôs;Bioma;Inversamente ordenada;1000;5;5,088560;0,327750;4,765200;5,483500;427164;1676;3352;861032;9965,784285;499500,000000;sim
Intro Sort;Bioma;Inversamente ordenada;1000;5;0,105840;0,005663;0,102100;0,115100;7412;2976;5952;26728;9965,784285;499500,000000;sim
Heap Sort;Bioma;Inversamente ordenada;1000;5;0,136340;0,000910;0,135500;0,137800;10196;4782;9564;39520;9965,784285;499500,000000;sim
Tim Sort (simplificado);Bioma;Inversamente ordenada;1000;5;0,069640;0,000134;0,069400;0,069700;4954;0;4124;14189;9965,784285;499500,000000;sim
Bubble Sort;Bioma;Aleatória;5000;5;218,866440;6,098400;212,641600;226,469800;10085194;3032022;6064044;32298476;61438,561898;12497500,000000;sim
Selection Sort;Bioma;Aleatória;5000;5;220,262560;5,294661;216,295800;229,570400;12497500;2198;4396;25003792;61438,561898;12497500,000000;sim
Insertion Sort;Bioma;Aleatória;5000;5;34,844920;0,395353;34,376600;35,311700;3037020;0;3034220;6076239;61438,561898;12497500,000000;sim
Shell Sort;Bioma;Aleatória;5000;5;0,989940;0,012905;0,973400;1,009300;45861;0;5120;94627;61438,561898;12497500,000000;sim
Merge Sort;Bioma;Aleatória;5000;5;0,998900;0,064711;0,940600;1,103900;44077;0;109196;267468;61438,561898;12497500,000000;sim
Quick Sort;Bioma;Aleatória;5000;5;1,077980;0,060586;1,022500;1,172800;65231;28680;57360;191603;61438,561898;12497500,000000;sim
Quick Sort 3-Way;Bioma;Aleatória;5000;5;0,164720;0,012735;0,155300;0,185400;7202;2201;4402;16014;61438,561898;12497500,000000;sim
Quick Sort 2 pivôs;Bioma;Aleatória;5000;5;0,267840;0,001766;0,266500;0,270700;12194;2206;4412;33212;61438,561898;12497500,000000;sim
Intro Sort;Bioma;Aleatória;5000;5;0,909600;0,021398;0,886000;0,944000;49961;20632;41264;182450;61438,561898;12497500,000000;sim
Heap Sort;Bioma;Aleatória;5000;5;0,958100;0,080647;0,914900;1,101900;60952;29556;59112;240128;61438,561898;12497500,000000;sim
Tim Sort (simplificado);Bioma;Aleatória;5000;5;1,197940;0,085961;1,117100;1,339500;45807;0;97680;244095;61438,561898;12497500,000000;sim
Bubble Sort;Bioma;Já ordenada;5000;5;0,091700;0,005085;0,088800;0,100700;4999;0;0;9998;61438,561898;12497500,000000;sim
Selection Sort;Bioma;Já ordenada;5000;5;180,137540;1,074273;178,491300;181,120100;12497500;0;0;24995000;61438,561898;12497500,000000;sim
Insertion Sort;Bioma;Já ordenada;5000;5;0,125180;0,069522;0,092400;0,249500;4999;0;0;9998;61438,561898;12497500,000000;sim
Shell Sort;Bioma;Já ordenada;5000;5;0,880360;0,033102;0,857500;0,938000;43646;0;0;87292;61438,561898;12497500,000000;sim
Merge Sort;Bioma;Já ordenada;5000;5;0,125320;0,039632;0,105200;0,196000;4999;0;0;9998;61438,561898;12497500,000000;sim
Quick Sort;Bioma;Já ordenada;5000;5;1,208040;0,101525;1,135000;1,386600;79483;27455;54910;201115;61438,561898;12497500,000000;sim
Quick Sort 3-Way;Bioma;Já ordenada;5000;5;0,140680;0,008335;0,129200;0,151300;7202;2200;4400;16010;61438,561898;12497500,000000;sim
Quick Sort 2 pivôs;Bioma;Já ordenada;5000;5;154,432060;2,114478;152,192900;156,638900;10862552;6988;13976;21753056;61438,561898;12497500,000000;sim
Intro Sort;Bioma;Já ordenada;5000;5;0,986280;0,041041;0,952600;1,054300;64173;19484;38968;206282;61438,561898;12497500,000000;sim
Heap Sort;Bioma;Já ordenada;5000;5;0,918000;0,057836;0,885100;1,021000;60678;30413;60826;243008;61438,561898;12497500,000000;sim
Tim Sort (simplificado);Bioma;Já ordenada;5000;5;0,251680;0,001003;0,251000;0,253400;16237;0;0;21236;61438,561898;12497500,000000;sim
Bubble Sort;Bioma;Inversamente ordenada;5000;5;176,467200;1,972504;174,103900;179,422000;10085194;6158796;12317592;44805572;61438,561898;12497500,000000;sim
Selection Sort;Bioma;Inversamente ordenada;5000;5;202,904440;1,570527;201,162900;204,581300;12497500;2198;4396;25003792;61438,561898;12497500,000000;sim
Insertion Sort;Bioma;Inversamente ordenada;5000;5;79,393500;7,260889;74,730100;92,237700;6163794;0;6160994;12329787;61438,561898;12497500,000000;sim
Shell Sort;Bioma;Inversamente ordenada;5000;5;0,861540;0,022606;0,841600;0,899300;44469;0;4800;92915;61438,561898;12497500,000000;sim
Merge Sort;Bioma;Inversamente ordenada;5000;5;0,318720;0,051190;0,278000;0,384500;13524;0;19990;58503;61438,561898;12497500,000000;sim
Quick Sort;Bioma;Inversamente ordenada;5000;5;1,030040;0,018709;1,003300;1,055600;65264;29294;58588;193740;61438,561898;12497500,000000;sim
Quick Sort 3-Way;Bioma;Inversamente ordenada;5000;5;0,132160;0,021433;0,119100;0,169400;7202;2201;4402;16014;61438,561898;12497500,000000;sim
Quick Sort 2 pivôs;Bioma;Inversamente ordenada;5000;5;156,173620;6,754489;152,701700;168,245200;10862552;8582;17164;21759432;61438,561898;12497500,000000;sim
Intro Sort;Bioma;Inversamente ordenada;5000;5;0,917520;0,152756;0,827700;1,188800;51009;21514;43028;188074;61438,561898;12497500,000000;sim
Heap Sort;Bioma;Inversamente ordenada;5000;5;1,042300;0,081979;0,948600;1,152000;66470;31738;63476;259892;61438,561898;12497500,000000;sim
Tim Sort (simplificado);Bioma;Inversamente ordenada;5000;5;0,455360;0,021434;0,436600;0,492300;24399;0;26522;82428;61438,561898;12497500,000000;sim
Bubble Sort;Bioma;Aleatória;10000;5;1006,562920;22,711193;982,913300;1044,050400;40167039;12499900;24999800;130333678;132877,123795;49995000,000000;sim
Selection Sort;Bioma;Aleatória;10000;5;997,452080;8,170028;986,550800;1006,929400;49995000;4435;8870;100007740;132877,123795;49995000,000000;sim
Insertion Sort;Bioma;Aleatória;10000;5;180,724140;7,480184;175,561600;193,943700;12509898;0;12504335;25024232;132877,123795;49995000,000000;sim
Shell Sort;Bioma;Aleatória;10000;5;2,557500;0,377540;2,208300;3,148700;100045;0;10215;205923;132877,123795;49995000,000000;sim
Merge Sort;Bioma;Aleatória;10000;5;2,093500;0,100283;1,983000;2,228800;95856;0;238716;583287;132877,123795;49995000,000000;sim
Quick Sort;Bioma;Aleatória;10000;5;2,782480;0,610456;2,378300;3,853700;140450;62288;124576;412894;132877,123795;49995000,000000;sim
Quick Sort 3-Way;Bioma;Aleatória;10000;5;0,408760;0,019645;0,392500;0,439400;14439;4438;8876;32199;132877,123795;49995000,000000;sim
Quick Sort 2 pivôs;Bioma;Aleatória;10000;5;2,182920;0,233474;1,961400;2,580300;104379;4458;8916;226590;132877,123795;49995000,000000;sim
Intro Sort;Bioma;Aleatória;10000;5;2,202680;0,185083;2,013600;2,511800;110139;46290;92580;405438;132877,123795;49995000,000000;sim
Heap Sort;Bioma;Aleatória;10000;5;2,403640;0,348914;2,070500;2,993200;130965;63615;127230;516390;132877,123795;49995000,000000;sim
Tim Sort (simplificado);Bioma;Aleatória;10000;5;2,685760;0,117196;2,527600;2,822000;99156;0;214700;534336;132877,123795;49995000,000000;sim
Bubble Sort;Bioma;Já ordenada;10000;5;0,248520;0,063351;0,188500;0,335500;9999;0;0;19998;132877,123795;49995000,000000;sim
Selection Sort;Bioma;Já ordenada;10000;5;832,715960;36,095384;804,346300;893,022600;49995000;0;0;99990000;132877,123795;49995000,000000;sim
Insertion Sort;Bioma;Já ordenada;10000;5;0,223840;0,047984;0,192400;0,307300;9999;0;0;19998;132877,123795;49995000,000000;sim
Shell Sort;Bioma;Já ordenada;10000;5;1,964820;0,134528;1,825200;2,159600;95663;0;0;191326;132877,123795;49995000,000000;sim
Merge Sort;Bioma;Já ordenada;10000;5;0,249360;0,090459;0,198700;0,410100;9999;0;0;19998;132877,123795;49995000,000000;sim
Quick Sort;Bioma;Já ordenada;10000;5;2,500360;0,124619;2,384200;2,656500;160577;59807;119614;423425;132877,123795;49995000,000000;sim
Quick Sort 3-Way;Bioma;Já ordenada;10000;5;0,293960;0,038673;0,253700;0,338300;14439;4437;8874;32195;132877,123795;49995000,000000;sim
Quick Sort 2 pivôs;Bioma;Já ordenada;10000;5;682,115440;11,945600;666,285600;698,220600;44261856;14358;28716;88581144;132877,123795;49995000,000000;sim
Intro Sort;Bioma;Já ordenada;10000;5;2,199520;0,101620;2,099700;2,317200;130756;44238;88476;438464;132877,123795;49995000,000000;sim
Heap Sort;Bioma;Já ordenada;10000;5;2,105860;0,114691;2,010400;2,245100;130360;65343;130686;522092;132877,123795;49995000,000000;sim
Tim Sort (simplificado);Bioma;Já ordenada;10000;5;0,535240;0,050802;0,495900;0,607100;32486;0;0;42485;132877,123795;49995000,000000;sim
Bubble Sort;Bioma;Inversamente ordenada;10000;5;797,311020;10,257791;781,704300;808,714800;40167039;24680775;49361550;179057178;132877,123795;49995000,000000;sim
Selection Sort;Bioma;Inversamente ordenada;10000;5;919,658180;23,541407;900,091500;960,210100;49995000;4435;8870;100007740;132877,123795;49995000,000000;sim
Insertion Sort;Bioma;Inversamente ordenada;10000;5;400,451160;8,651999;390,215500;411,665000;24690773;0;24685210;49385982;132877,123795;49995000,000000;sim
Shell Sort;Bioma;Inversamente ordenada;10000;5;2,184280;0,227557;1,976000;2,561300;96550;0;8870;201083;132877,123795;49995000,000000;sim
Merge Sort;Bioma;Inversamente ordenada;10000;5;0,613960;0,037098;0,588800;0,679200;27318;0;39990;117297;132877,123795;49995000,000000;sim
Quick Sort;Bioma;Inversamente ordenada;10000;5;2,351280;0,124643;2,228500;2,495500;141008;63596;127192;417988;132877,123795;49995000,000000;sim
Quick Sort 3-Way;Bioma;Inversamente ordenada;10000;5;0,278640;0,018106;0,267900;0,310800;14439;4438;8876;32199;132877,123795;49995000,000000;sim
Quick Sort 2 pivôs;Bioma;Inversamente ordenada;10000;5;679,697880;8,809337;670,757700;692,252400;44261856;17663;35326;88594364;132877,123795;49995000,000000;sim
Intro Sort;Bioma;Inversamente ordenada;10000;5;2,017160;0,082787;1,895300;2,127200;113092;48313;96626;419436;132877,123795;49995000,000000;sim
Heap Sort;Bioma;Inversamente ordenada;10000;5;2,039480;0,074004;1,970900;2,160600;143289;68601;137202;560982;132877,123795;49995000,000000;sim
Tim Sort (simplificado);Bioma;Inversamente ordenada;10000;5;0,988780;0,037588;0,955700;1,052000;49075;0;52730;164531;132877,123795;49995000,000000;sim
Bubble Sort;Bioma;Aleatória;10378;5;1077,591140;27,855521;1053,383300;1125,269700;43189072;13105685;26211370;138800884;138455,397236;53846253,000000;sim
Selection Sort;Bioma;Aleatória;10378;5;1083,233200;12,312930;1066,602800;1097,886800;53846253;4615;9230;107710966;138455,397236;53846253,000000;sim
Insertion Sort;Bioma;Aleatória;10378;5;184,930480;1,869609;182,949400;187,242700;13116062;0;13110300;26236739;138455,397236;53846253,000000;sim
Shell Sort;Bioma;Aleatória;10378;5;5,457460;3,187508;2,362500;9,060700;104306;0;10556;214683;138455,397236;53846253,000000;sim
Merge Sort;Bioma;Aleatória;10378;5;2,293580;0,112752;2,121500;2,405600;99651;0;248866;607760;138455,397236;53846253,000000;sim
Quick Sort;Bioma;Aleatória;10378;5;2,524140;0,132500;2,349700;2,669500;146668;64791;129582;429864;138455,397236;53846253,000000;sim
Quick Sort 3-Way;Bioma;Aleatória;10378;5;0,401420;0,048986;0,355500;0,479700;14998;4618;9236;33478;138455,397236;53846253,000000;sim
Quick Sort 2 pivôs;Bioma;Aleatória;10378;5;0,546760;0,036781;0,524800;0,610500;25368;4624;9248;69232;138455,397236;53846253,000000;sim
Intro Sort;Bioma;Aleatória;10378;5;2,677220;0,181823;2,455900;2,858100;116485;48711;97422;427814;138455,397236;53846253,000000;sim
Heap Sort;Bioma;Aleatória;10378;5;2,206860;0,111828;2,072500;2,330200;135750;65946;131892;535284;138455,397236;53846253,000000;sim
Tim Sort (simplificado);Bioma;Aleatória;10378;5;2,807620;0,150070;2,685500;3,066000;103877;0;226273;562440;138455,397236;53846253,000000;sim
Bubble Sort;Bioma;Já ordenada;10378;5;0,166160;0,001776;0,163900;0,168400;10377;0;0;20754;138455,397236;53846253,000000;sim
Selection Sort;Bioma;Já ordenada;10378;5;790,709100;16,868769;771,743800;811,743900;53846253;0;0;107692506;138455,397236;53846253,000000;sim
Insertion Sort;Bioma;Já ordenada;10378;5;0,167460;0,002198;0,164000;0,169500;10377;0;0;20754;138455,397236;53846253,000000;sim
Shell Sort;Bioma;Já ordenada;10378;5;1,964680;0,099688;1,863600;2,111200;99821;0;0;199642;138455,397236;53846253,000000;sim
Merge Sort;Bioma;Já ordenada;10378;5;0,219360;0,041760;0,194300;0,293600;10377;0;0;20754;138455,397236;53846253,000000;sim
Quick Sort;Bioma;Já ordenada;10378;5;2,808240;0,146701;2,638200;3,022800;186094;62332;124664;460554;138455,397236;53846253,000000;sim
Quick Sort 3-Way;Bioma;Já ordenada;10378;5;0,280980;0,030187;0,253000;0,314100;14998;4618;9236;33478;138455,397236;53846253,000000;sim
Quick Sort 2 pivôs;Bioma;Já ordenada;10378;5;673,754240;8,812952;662,169800;683,830800;47949538;15034;30068;95959212;138455,397236;53846253,000000;sim
Intro Sort;Bioma;Já ordenada;10378;5;2,646580;0,237494;2,456300;3,050000;157350;47592;95184;505068;138455,397236;53846253,000000;sim
Heap Sort;Bioma;Já ordenada;10378;5;2,193720;0,081402;2,114500;2,306900;135863;68108;136216;544158;138455,397236;53846253,000000;sim
Tim Sort (simplificado);Bioma;Já ordenada;10378;5;0,498340;0,012724;0,487500;0,520000;33715;0;0;44092;138455,397236;53846253,000000;sim
Bubble Sort;Bioma;Inversamente ordenada;10378;5;776,412320;16,043885;753,430700;792,806200;43199448;26597392;53194784;192788464;138455,397236;53846253,000000;sim
Selection Sort;Bioma;Inversamente ordenada;10378;5;860,772120;29,797042;834,323300;911,573500;53846253;4616;9232;107710970;138455,397236;53846253,000000;sim
Insertion Sort;Bioma;Inversamente ordenada;10378;5;392,551240;9,082164;378,505800;402,903100;26607768;0;26602008;53220153;138455,397236;53846253,000000;sim
Shell Sort;Bioma;Inversamente ordenada;10378;5;1,979500;0,090373;1,900900;2,114500;101220;0;9758;210799;138455,397236;53846253,000000;sim
Merge Sort;Bioma;Inversamente ordenada;10378;5;0,603920;0,025384;0,587300;0,648200;28480;0;41516;121889;138455,397236;53846253,000000;sim
Quick Sort;Bioma;Inversamente ordenada;10378;5;2,262260;0,192266;2,086800;2,576800;145242;66227;132454;434258;138455,397236;53846253,000000;sim
Quick Sort 3-Way;Bioma;Inversamente ordenada;10378;5;0,250980;0,006624;0,244400;0,259300;14998;4619;9238;33482;138455,397236;53846253,000000;sim
Quick Sort 2 pivôs;Bioma;Inversamente ordenada;10378;5;675,838860;10,387350;666,445600;689,604300;47949538;18504;37008;95973092;138455,397236;53846253,000000;sim
Intro Sort;Bioma;Inversamente ordenada;10378;5;2,032160;0,127419;1,897300;2,242100;118799;51974;103948;445494;138455,397236;53846253,000000;sim
Heap Sort;Bioma;Inversamente ordenada;10378;5;2,156920;0,082100;2,044100;2,234300;149036;71343;142686;583444;138455,397236;53846253,000000;sim
Tim Sort (simplificado);Bioma;Inversamente ordenada;10378;5;0,945040;0,057355;0,895600;1,039500;50426;0;53486;167745;138455,397236;53846253,000000;sim
Bubble Sort;Município;Aleatória;100;5;0,062380;0,000148;0,062200;0,062600;4741;2768;5536;20554;664,385619;4950,000000;sim
Selection Sort;Município;Aleatória;100;5;0,047240;0,000114;0,047100;0,047400;4950;96;192;10284;664,385619;4950,000000;sim
Insertion Sort;Município;Aleatória;100;5;0,029740;0,000055;0,029700;0,029800;2859;0;2864;5822;664,385619;4950,000000;sim
Shell Sort;Município;Aleatória;100;5;0,008300;0,000071;0,008200;0,008400;748;0;601;1754;664,385619;4950,000000;sim
Merge Sort;Município;Aleatória;100;5;0,008880;0,000259;0,008600;0,009300;599;0;1230;3158;664,385619;4950,000000;sim
Quick Sort;Município;Aleatória;100;5;0,008400;0,000071;0,008300;0,008500;818;243;486;2026;664,385619;4950,000000;sim
Quick Sort 3-Way;Município;Aleatória;100;5;0,008520;0,000045;0,008500;0,008600;675;599;1198;3263;664,385619;4950,000000;sim
Quick Sort 2 pivôs;Município;Aleatória;100;5;0,008080;0,000084;0,008000;0,008200;762;306;612;2748;664,385619;4950,000000;sim
Intro Sort;Município;Aleatória;100;5;0,007340;0,000114;0,007200;0,007500;680;300;600;2560;664,385619;4950,000000;sim
Heap Sort;Município;Aleatória;100;5;0,010680;0,000045;0,010600;0,010700;1011;572;1144;4310;664,385619;4950,000000;sim
Tim Sort (simplificado);Município;Aleatória;100;5;0,008920;0,000045;0,008900;0,009000;552;0;1248;3066;664,385619;4950,000000;sim
Bubble Sort;Município;Já ordenada;100;5;0,001040;0,000055;0,001000;0,001100;99;0;0;198;664,385619;4950,000000;sim
Selection Sort;Município;Já ordenada;100;5;0,045540;0,001610;0,044600;0,048400;4950;0;0;9900;664,385619;4950,000000;sim
Insertion Sort;Município;Já ordenada;100;5;0,001120;0,000045;0,001100;0,001200;99;0;0;198;664,385619;4950,000000;sim
Shell Sort;Município;Já ordenada;100;5;0,004160;0,000055;0,004100;0,004200;405;0;0;810;664,385619;4950,000000;sim
Merge Sort;Município;Já ordenada;100;5;0,001220;0,000045;0,001200;0,001300;99;0;0;198;664,385619;4950,000000;sim
Quick Sort;Município;Já ordenada;100;5;0,007580;0,000045;0,007500;0,007600;757;121;242;1469;664,385619;4950,000000;sim
Quick Sort 3-Way;Município;Já ordenada;100;5;0,011080;0,000130;0,011000;0,011300;820;754;1508;4016;664,385619;4950,000000;sim
Quick Sort 2 pivôs;Município;Já ordenada;100;5;0,003760;0,000055;0,003700;0,003800;349;85;170;1038;664,385619;4950,000000;sim
Intro Sort;Município;Já ordenada;100;5;0,004580;0,000045;0,004500;0,004600;442;42;84;1052;664,385619;4950,000000;sim
Heap Sort;Município;Já ordenada;100;5;0,020240;0,011276;0,014900;0,040400;1082;630;1260;4684;664,385619;4950,000000;sim
Tim Sort (simplificado);Município;Já ordenada;100;5;0,003420;0,000719;0,003000;0,004700;316;0;0;415;664,385619;4950,000000;sim
Bubble Sort;Município;Inversamente ordenada;100;5;0,059740;0,000089;0,059600;0,059800;4950;4926;9852;29604;664,385619;4950,000000;sim
Selection Sort;Município;Inversamente ordenada;100;5;0,049260;0,000195;0,049000;0,049400;4950;57;114;10128;664,385619;4950,000000;sim
Insertion Sort;Município;Inversamente ordenada;100;5;0,051580;0,000164;0,051400;0,051800;4947;0;5025;10071;664,385619;4950,000000;sim
Shell Sort;Município;Inversamente ordenada;100;5;0,006620;0,000045;0,006600;0,006700;566;0;458;1429;664,385619;4950,000000;sim
Merge Sort;Município;Inversamente ordenada;100;5;0,007580;0,000045;0,007500;0,007600;425;0;1320;3164;664,385619;4950,000000;sim
Quick Sort;Município;Inversamente ordenada;100;5;0,008020;0,000045;0,008000;0,008100;754;175;350;1682;664,385619;4950,000000;sim
Quick Sort 3-Way;Município;Inversamente ordenada;100;5;0,008880;0,000084;0,008800;0,009000;701;639;1278;3453;664,385619;4950,000000;sim
Quick Sort 2 pivôs;Município;Inversamente ordenada;100;5;0,005080;0,000084;0,005000;0,005200;466;171;342;1616;664,385619;4950,000000;sim
Intro Sort;Município;Inversamente ordenada;100;5;0,004720;0,000045;0,004700;0,004800;457;112;224;1362;664,385619;4950,000000;sim
Heap Sort;Município;Inversamente ordenada;100;5;0,009900;0,000071;0,009800;0,010000;939;506;1012;3902;664,385619;4950,000000;sim
Tim Sort (simplificado);Município;Inversamente ordenada;100;5;0,009760;0,000134;0,009700;0,010000;467;0;1966;4402;664,385619;4950,000000;sim
Bubble Sort;Município;Aleatória;1000;5;10,536380;0,019108;10,506400;10,556200;496372;247260;494520;1981784;9965,784285;499500,000000;sim
Selection Sort;Município;Aleatória;1000;5;5,336660;0,088398;5,224800;5,441200;499500;995;1990;1002980;9965,784285;499500,000000;sim
Insertion Sort;Município;Aleatória;1000;5;2,854140;0,066374;2,738900;2,898100;248252;0;248247;497498;9965,784285;499500,000000;sim
Shell Sort;Município;Aleatória;1000;5;0,283540;0,010577;0,274600;0,298600;12069;0;8944;27784;9965,784285;499500,000000;sim
Merge Sort;Município;Aleatória;1000;5;0,234740;0,046842;0,205100;0,317900;9329;0;18526;47380;9965,784285;499500,000000;sim
Quick Sort;Município;Aleatória;1000;5;0,220980;0,007511;0,210200;0,230700;11920;3406;6812;27984;9965,784285;499500,000000;sim
Quick Sort 3-Way;Município;Aleatória;1000;5;0,168180;0,005167;0,160800;0,173300;8440;7445;14890;39288;9965,784285;499500,000000;sim
Quick Sort 2 pivôs;Município;Aleatória;1000;5;0,169000;0,002881;0,166400;0,173400;10204;4067;8134;36676;9965,784285;499500,000000;sim
Intro Sort;Município;Aleatória;1000;5;0,185860;0,006027;0,180700;0,195400;10168;3400;6800;33936;9965,784285;499500,000000;sim
Heap Sort;Município;Aleatória;1000;5;0,326780;0,010022;0,319800;0,344400;16870;9049;18098;69936;9965,784285;499500,000000;sim
Tim Sort (simplificado);Município;Aleatória;1000;5;0,249220;0,024933;0,223000;0,278500;8659;0;18379;45539;9965,784285;499500,000000;sim
Bubble Sort;Município;Já ordenada;1000;5;0,013200;0,000300;0,012800;0,013500;999;0;0;1998;9965,784285;499500,000000;sim
Selection Sort;Município;Já ordenada;1000;5;5,009720;0,107887;4,874700;5,130000;499500;0;0;999000;9965,784285;499500,000000;sim
Insertion Sort;Município;Já ordenada;1000;5;0,015000;0,000406;0,014500;0,015600;999;0;0;1998;9965,784285;499500,000000;sim
Shell Sort;Município;Já ordenada;1000;5;0,090220;0,001725;0,087200;0,091500;6771;0;0;13542;9965,784285;499500,000000;sim
Merge Sort;Município;Já ordenada;1000;5;0,015780;0,000228;0,015400;0,016000;999;0;0;1998;9965,784285;499500,000000;sim
Quick Sort;Município;Já ordenada;1000;5;0,152480;0,005456;0,143500;0,157000;11635;1709;3418;20867;9965,784285;499500,000000;sim
Quick Sort 3-Way;Município;Já ordenada;1000;5;0,320700;0,030194;0,292200;0,363000;21430;20502;41004;104486;9965,784285;499500,000000;sim
Quick Sort 2 pivôs;Município;Já ordenada;1000;5;0,114120;0,058054;0,079400;0,217200;6511;1536;3072;19166;9965,784285;499500,000000;sim
Intro Sort;Município;Já ordenada;1000;5;0,100540;0,002386;0,096700;0,102200;8609;816;1632;20482;9965,784285;499500,000000;sim
Heap Sort;Município;Já ordenada;1000;5;0,271180;0,033472;0,252500;0,330800;17417;9592;19184;73202;9965,784285;499500,000000;sim
Tim Sort (simplificado);Município;Já ordenada;1000;5;0,041080;0,001308;0,039100;0,042400;3237;0;0;4236;9965,784285;499500,000000;sim
Bubble Sort;Município;Inversamente ordenada;1000;5;6,649360;0,103408;6,495400;6,742400;499500;497398;994796;2988592;9965,784285;499500,000000;sim
Selection Sort;Município;Inversamente ordenada;1000;5;5,824260;0,072795;5,749200;5,914900;499500;662;1324;1001648;9965,784285;499500,000000;sim
Insertion Sort;Município;Inversamente ordenada;1000;5;5,960740;0,027724;5,928800;5,991900;498043;0;498396;997438;9965,784285;499500,000000;sim
Shell Sort;Município;Inversamente ordenada;1000;5;0,134020;0,004067;0,127500;0,137800;8803;0;4844;20418;9965,784285;499500,000000;sim
Merge Sort;Município;Inversamente ordenada;1000;5;0,120100;0,003200;0,114600;0,122400;5907;0;17952;42810;9965,784285;499500,000000;sim
Quick Sort;Município;Inversamente ordenada;1000;5;0,189360;0,064125;0,147800;0,301700;11359;2192;4384;22555;9965,784285;499500,000000;sim
Quick Sort 3-Way;Município;Inversamente ordenada;1000;5;0,242340;0,034174;0,220500;0,303000;15770;14812;29624;76078;9965,784285;499500,000000;sim
Quick Sort 2 pivôs;Município;Inversamente ordenada;1000;5;0,095860;0,003350;0,091900;0,100600;7626;2224;4448;24148;9965,784285;499500,000000;sim
Intro Sort;Município;Inversamente ordenada;1000;5;0,101280;0,012402;0,094400;0,123300;8208;1273;2546;21508;9965,784285;499500,000000;sim
Heap Sort;Município;Inversamente ordenada;1000;5;0,273960;0,021980;0,252200;0,310600;15932;8278;16556;64976;9965,784285;499500,000000;sim
Tim Sort (simplificado);Município;Inversamente ordenada;1000;5;0,175860;0,037935;0,155200;0,242800;6364;0;24367;55176;9965,784285;499500,000000;sim
Bubble Sort;Município;Aleatória;5000;5;311,550540;7,664981;306,920100;325,038400;12493182;6176437;12352874;49692112;61438,561898;12497500,000000;sim
Selection Sort;Município;Aleatória;5000;5;187,408140;9,725992;176,936800;200,889000;12497500;4983;9966;25014932;61438,561898;12497500,000000;sim
Insertion Sort;Município;Aleatória;5000;5;84,016540;5,734857;80,249100;94,049400;6181432;0;6181420;12367851;61438,561898;12497500,000000;sim
Shell Sort;Município;Aleatória;5000;5;2,350480;0,117374;2,219200;2,505800;75915;0;53679;173240;61438,561898;12497500,000000;sim
Merge Sort;Município;Aleatória;5000;5;1,664020;0,090677;1,568200;1,766300;58257;0;116450;296156;61438,561898;12497500,000000;sim
Quick Sort;Município;Aleatória;5000;5;2,243240;1,364549;1,511300;4,671800;70542;20557;41114;164786;61438,561898;12497500,000000;sim
Quick Sort 3-Way;Município;Aleatória;5000;5;1,106500;0,058674;1,048700;1,203500;42320;37205;74410;193064;61438,561898;12497500,000000;sim
Quick Sort 2 pivôs;Município;Aleatória;5000;5;1,380600;0,063323;1,339800;1,492400;66189;22140;44280;220938;61438,561898;12497500,000000;sim
Intro Sort;Município;Aleatória;5000;5;1,422300;0,106867;1,336800;1,575900;59489;17844;35688;190354;61438,561898;12497500,000000;sim
Heap Sort;Município;Aleatória;5000;5;2,196060;0,123498;2,074400;2,382100;107701;57004;114008;443418;61438,561898;12497500,000000;sim
Tim Sort (simplificado);Município;Aleatória;5000;5;1,916860;0,131717;1,798400;2,136900;56637;0;119669;296603;61438,561898;12497500,000000;sim
Bubble Sort;Município;Já ordenada;5000;5;0,115240;0,017236;0,105500;0,145900;4999;0;0;9998;61438,561898;12497500,000000;sim
Selection Sort;Município;Já ordenada;5000;5;158,342040;1,747184;155,637900;160,102500;12497500;0;0;24995000;61438,561898;12497500,000000;sim
Insertion Sort;Município;Já ordenada;5000;5;0,113680;0,007904;0,108800;0,127200;4999;0;0;9998;61438,561898;12497500,000000;sim
Shell Sort;Município;Já ordenada;5000;5;0,819080;0,015171;0,804000;0,839600;43646;0;0;87292;61438,561898;12497500,000000;sim
Merge Sort;Município;Já ordenada;5000;5;0,139080;0,023420;0,123600;0,180600;4999;0;0;9998;61438,561898;12497500,000000;sim
Quick Sort;Município;Já ordenada;5000;5;1,156580;0,027073;1,127600;1,193400;81395;11405;22810;138971;61438,561898;12497500,000000;sim
Quick Sort 3-Way;Município;Já ordenada;5000;5;2,893760;0,118143;2,772800;3,056700;194322;189255;378510;953266;61438,561898;12497500,000000;sim
Quick Sort 2 pivôs;Município;Já ordenada;5000;5;0,856800;0,061592;0,802600;0,952300;53211;9229;18458;143338;61438,561898;12497500,000000;sim
Intro Sort;Município;Já ordenada;5000;5;0,929800;0,037019;0,888800;0,971800;67348;5790;11580;157856;61438,561898;12497500,000000;sim
Heap Sort;Município;Já ordenada;5000;5;1,775920;0,070919;1,702000;1,874300;107602;57822;115644;446492;61438,561898;12497500,000000;sim
Tim Sort (simplificado);Município;Já ordenada;5000;5;0,282620;0,006305;0,275700;0,291200;16237;0;0;21236;61438,561898;12497500,000000;sim
Bubble Sort;Município;Inversamente ordenada;5000;5;242,162940;17,712877;226,648200;272,069800;12497445;12448237;24896474;74787838;61438,561898;12497500,000000;sim
Selection Sort;Município;Inversamente ordenada;5000;5;218,130600;5,452971;211,457900;223,927100;12497500;3439;6878;25008756;61438,561898;12497500,000000;sim
Insertion Sort;Município;Inversamente ordenada;5000;5;183,562880;5,541217;179,856200;193,370700;12452695;0;12453232;24910926;61438,561898;12497500,000000;sim
Shell Sort;Município;Inversamente ordenada;5000;5;1,174460;0,068690;1,120200;1,292900;55189;0;27450;126285;61438,561898;12497500,000000;sim
Merge Sort;Município;Inversamente ordenada;5000;5;0,809380;0,093866;0,715800;0,936100;33106;0;98690;235485;61438,561898;12497500,000000;sim
Quick Sort;Município;Inversamente ordenada;5000;5;1,304100;0,182094;1,138400;1,573400;81070;13901;27802;148590;61438,561898;12497500,000000;sim
Quick Sort 3-Way;Município;Inversamente ordenada;5000;5;2,071640;0,093831;1,988100;2,206800;136128;131104;262208;662464;61438,561898;12497500,000000;sim
Quick Sort 2 pivôs;Município;Inversamente ordenada;5000;5;0,908840;0,059133;0,862400;1,007100;58654;12045;24090;165488;61438,561898;12497500,000000;sim
Intro Sort;Município;Inversamente ordenada;5000;5;0,978120;0,052811;0,915400;1,039600;67015;8229;16458;166946;61438,561898;12497500,000000;sim
Heap Sort;Município;Inversamente ordenada;5000;5;1,899720;0,102593;1,790400;2,010200;103020;53184;106368;418776;61438,561898;12497500,000000;sim
Tim Sort (simplificado);Município;Inversamente ordenada;5000;5;1,106980;0,137982;1,013700;1,348200;37243;0;125220;289190;61438,561898;12497500,000000;sim
Bubble Sort;Município;Aleatória;10000;5;1340,432240;6,052863;1330,696600;1346,277700;49952934;24666661;49333322;198572512;132877,123795;49995000,000000;sim
Selection Sort;Município;Aleatória;10000;5;800,503180;38,011936;779,850300;868,165900;49995000;9985;19970;100029940;132877,123795;49995000,000000;sim
Insertion Sort;Município;Aleatória;10000;5;380,363020;5,630602;375,277600;389,201700;24676653;0;24676649;49363301;132877,123795;49995000,000000;sim
Shell Sort;Município;Aleatória;10000;5;5,345760;0,271924;5,126000;5,738100;162632;0;110847;369142;132877,123795;49995000,000000;sim
Merge Sort;Município;Aleatória;10000;5;4,146060;1,110173;3,389100;6,105000;126551;0;253072;642694;132877,123795;49995000,000000;sim
Quick Sort;Município;Aleatória;10000;5;3,438820;0,101847;3,302100;3,553900;151087;44955;89910;354783;132877,123795;49995000,000000;sim
Quick Sort 3-Way;Município;Aleatória;10000;5;2,333220;0,080291;2,240200;2,411800;88072;77905;155810;401852;132877,123795;49995000,000000;sim
Quick Sort 2 pivôs;Município;Aleatória;10000;5;3,040660;0,146293;2,896600;3,214700;139466;35063;70126;419184;132877,123795;49995000,000000;sim
Intro Sort;Município;Aleatória;10000;5;3,041560;0,124251;2,897400;3,162500;126063;35665;71330;394786;132877,123795;49995000,000000;sim
Heap Sort;Município;Aleatória;10000;5;5,138660;0,319869;4,812000;5,534000;235105;123881;247762;965734;132877,123795;49995000,000000;sim
Tim Sort (simplificado);Município;Aleatória;10000;5;4,317900;0,051545;4,260400;4,395900;123303;0;258632;641833;132877,123795;49995000,000000;sim
Bubble Sort;Município;Já ordenada;10000;5;0,228980;0,021753;0,208100;0,259700;9999;0;0;19998;132877,123795;49995000,000000;sim
Selection Sort;Município;Já ordenada;10000;5;763,952560;21,566074;747,046000;795,611500;49995000;0;0;99990000;132877,123795;49995000,000000;sim
Insertion Sort;Município;Já ordenada;10000;5;0,221980;0,001404;0,219700;0,223200;9999;0;0;19998;132877,123795;49995000,000000;sim
Shell Sort;Município;Já ordenada;10000;5;4,173360;2,166502;1,913700;6,840000;95663;0;0;191326;132877,123795;49995000,000000;sim
Merge Sort;Município;Já ordenada;10000;5;0,262200;0,007335;0,250900;0,270700;9999;0;0;19998;132877,123795;49995000,000000;sim
Quick Sort;Município;Já ordenada;10000;5;3,068600;0,257766;2,869400;3,441500;207174;26079;52158;335318;132877,123795;49995000,000000;sim
Quick Sort 3-Way;Município;Já ordenada;10000;5;8,928520;0,224880;8,692000;9,159300;501524;491438;982876;2469440;132877,123795;49995000,000000;sim
Quick Sort 2 pivôs;Município;Já ordenada;10000;5;2,484880;0,210405;2,293200;2,804100;164984;19302;38604;407176;132877,123795;49995000,000000;sim
Intro Sort;Município;Já ordenada;10000;5;2,571100;0,113833;2,408700;2,666900;179359;13669;27338;413394;132877,123795;49995000,000000;sim
Heap Sort;Município;Já ordenada;10000;5;3,908020;0,199158;3,652200;4,107000;228526;121808;243616;944284;132877,123795;49995000,000000;sim
Tim Sort (simplificado);Município;Já ordenada;10000;5;0,617680;0,076451;0,536500;0,699400;32486;0;0;42485;132877,123795;49995000,000000;sim
Bubble Sort;Município;Inversamente ordenada;10000;5;1012,286600;26,553644;988,699700;1055,355000;49994769;49791995;99583990;299157518;132877,123795;49995000,000000;sim
Selection Sort;Município;Inversamente ordenada;10000;5;876,408260;7,312135;867,301400;887,238400;49995000;6956;13912;100017824;132877,123795;49995000,000000;sim
Insertion Sort;Município;Inversamente ordenada;10000;5;810,489920;7,767150;802,433300;820,683900;49801415;0;49801988;99613402;132877,123795;49995000,000000;sim
Shell Sort;Município;Inversamente ordenada;10000;5;2,665820;0,138216;2,483600;2,795700;116062;0;48516;260241;132877,123795;49995000,000000;sim
Merge Sort;Município;Inversamente ordenada;10000;5;1,696860;0,182779;1,561900;2,006700;68708;0;202428;483563;132877,123795;49995000,000000;sim
Quick Sort;Município;Inversamente ordenada;10000;5;4,027340;0,902165;3,130500;5,283700;191627;31069;62138;339699;132877,123795;49995000,000000;sim
Quick Sort 3-Way;Município;Inversamente ordenada;10000;5;7,425020;0,275017;6,997400;7,659600;420771;410699;821398;2065727;132877,123795;49995000,000000;sim
Quick Sort 2 pivôs;Município;Inversamente ordenada;10000;5;3,390940;0,765742;2,938500;4,742200;175253;24431;48862;448230;132877,123795;49995000,000000;sim
Intro Sort;Município;Inversamente ordenada;10000;5;2,959400;0,348963;2,629400;3,477700;163790;18674;37348;402276;132877,123795;49995000,000000;sim
Heap Sort;Município;Inversamente ordenada;10000;5;4,067860;0,111451;3,942600;4,228500;225843;116018;232036;915758;132877,123795;49995000,000000;sim
Tim Sort (simplificado);Município;Inversamente ordenada;10000;5;5,324020;2,306607;2,227800;7,216100;79815;0;239645;564088;132877,123795;49995000,000000;sim
Bubble Sort;Município;Aleatória;10378;5;1453,345220;4,533869;1447,429200;1458,761900;53736380;26626863;53253726;213980212;138455,397236;53846253,000000;sim
Selection Sort;Município;Aleatória;10378;5;855,350420;7,267624;847,529100;863,454800;53846253;10363;20726;107733958;138455,397236;53846253,000000;sim
Insertion Sort;Município;Aleatória;10378;5;428,073040;16,759284;406,872300;444,633400;26637238;0;26637217;53284832;138455,397236;53846253,000000;sim
Shell Sort;Município;Aleatória;10378;5;5,395160;0,086647;5,301100;5,534300;169516;0;115582;384919;138455,397236;53846253,000000;sim
Merge Sort;Município;Aleatória;10378;5;3,810780;0,192943;3,543300;4,029800;131708;0;263632;669349;138455,397236;53846253,000000;sim
Quick Sort;Município;Aleatória;10378;5;3,636520;0,136736;3,481100;3,824900;160270;46687;93374;371494;138455,397236;53846253,000000;sim
Quick Sort 3-Way;Município;Aleatória;10378;5;2,283820;0,161772;2,164100;2,567200;87520;76928;153856;397404;138455,397236;53846253,000000;sim
Quick Sort 2 pivôs;Município;Aleatória;10378;5;3,192500;0,142472;3,038800;3,389600;143962;35637;71274;430472;138455,397236;53846253,000000;sim
Intro Sort;Município;Aleatória;10378;5;3,227300;0,069983;3,147300;3,300900;134722;37050;74100;417644;138455,397236;53846253,000000;sim
Heap Sort;Município;Aleatória;10378;5;5,309740;0,125817;5,126100;5,469700;245030;129053;258106;1006272;138455,397236;53846253,000000;sim
Tim Sort (simplificado);Município;Aleatória;10378;5;4,483240;0,051980;4,420300;4,543500;129181;0;270726;671938;138455,397236;53846253,000000;sim
Bubble Sort;Município;Já ordenada;10378;5;0,245360;0,041240;0,204800;0,294700;10377;0;0;20754;138455,397236;53846253,000000;sim
Selection Sort;Município;Já ordenada;10378;5;778,142740;27,858795;762,177700;826,818900;53846253;0;0;107692506;138455,397236;53846253,000000;sim
Insertion Sort;Município;Já ordenada;10378;5;0,224500;0,010209;0,210500;0,235700;10377;0;0;20754;138455,397236;53846253,000000;sim
Shell Sort;Município;Já ordenada;10378;5;1,977860;0,108951;1,898400;2,169900;99821;0;0;199642;138455,397236;53846253,000000;sim
Merge Sort;Município;Já ordenada;10378;5;0,306000;0,038941;0,264800;0,369300;10377;0;0;20754;138455,397236;53846253,000000;sim
Quick Sort;Município;Já ordenada;10378;5;2,950620;0,120440;2,795400;3,096100;206190;27204;54408;339642;138455,397236;53846253,000000;sim
Quick Sort 3-Way;Município;Já ordenada;10378;5;9,262100;0,431604;8,986500;10,022400;530510;520026;1040052;2612786;138455,397236;53846253,000000;sim
Quick Sort 2 pivôs;Município;Já ordenada;10378;5;2,696300;0,135865;2,580200;2,865400;181946;20392;40784;445460;138455,397236;53846253,000000;sim
Intro Sort;Município;Já ordenada;10378;5;2,566220;0,217681;2,386200;2,921400;177637;14328;28656;412586;138455,397236;53846253,000000;sim
Heap Sort;Município;Já ordenada;10378;5;3,847300;0,087341;3,700400;3,919400;238715;127307;254614;986658;138455,397236;53846253,000000;sim
Tim Sort (simplificado);Município;Já ordenada;10378;5;0,618120;0,081867;0,545700;0,708500;33715;0;0;44092;138455,397236;53846253,000000;sim
Bubble Sort;Município;Inversamente ordenada;10378;5;1053,249040;23,311335;1038,824300;1094,358800;53845977;53627861;107255722;322203398;138455,397236;53846253,000000;sim
Selection Sort;Município;Inversamente ordenada;10378;5;937,470920;14,036182;922,497600;960,552900;53846253;7340;14680;107721866;138455,397236;53846253,000000;sim
Insertion Sort;Município;Inversamente ordenada;10378;5;853,469600;10,858744;838,242700;862,965900;53637659;0;53638231;107286267;138455,397236;53846253,000000;sim
Shell Sort;Município;Inversamente ordenada;10378;5;2,657020;0,128619;2,532800;2,846600;121776;0;51908;273505;138455,397236;53846253,000000;sim
Merge Sort;Município;Inversamente ordenada;10378;5;1,769120;0,084136;1,667300;1,890400;71616;0;210366;502725;138455,397236;53846253,000000;sim
Quick Sort;Município;Inversamente ordenada;10378;5;2,861220;0,126395;2,728000;3,058900;198478;32415;64830;352766;138455,397236;53846253,000000;sim
Quick Sort 3-Way;Município;Inversamente ordenada;10378;5;5,564280;0,195964;5,358100;5,808300;354762;344321;688642;1734222;138455,397236;53846253,000000;sim
Quick Sort 2 pivôs;Município;Inversamente ordenada;10378;5;2,811140;0,117225;2,692400;2,994400;187891;25430;50860;477502;138455,397236;53846253,000000;sim
Intro Sort;Município;Inversamente ordenada;10378;5;2,476420;0,157693;2,308700;2,702100;169915;19515;39030;417890;138455,397236;53846253,000000;sim
Heap Sort;Município;Inversamente ordenada;10378;5;4,499120;0,527770;4,136000;5,427600;235979;121157;242314;956586;138455,397236;53846253,000000;sim
Tim Sort (simplificado);Município;Inversamente ordenada;10378;5;2,472640;0,105673;2,333400;2,603800;82959;0;249334;586898;138455,397236;53846253,000000;sim
